timestamp,player_id,heart_rate_bpm,speed_kmh,total_distance_m
2023-05-15T13:00:02.755587Z,30,143,14.4,18114
2023-05-15T13:00:03.558664Z,29,127,2.7,3447
2023-05-15T13:00:05.319651Z,24,121,14.4,5401
2023-05-15T13:00:06.451568Z,7,144,1.6,875
2023-05-15T13:00:07.134557Z,29,168,23.6,15135
2023-05-15T13:00:08.587446Z,24,131,30.0,12998
2023-05-15T13:00:09.181883Z,7,112,4.0,4472
2023-05-15T13:00:10.499659Z,29,139,17.0,2235
2023-05-15T13:00:11.206031Z,24,164,8.5,14343
2023-05-15T13:00:12.056670Z,29,115,29.5,5589
2023-05-15T13:00:14.652910Z,7,157,3.5,9638
2023-05-15T13:00:15.463288Z,24,130,5.9,367
2023-05-15T13:00:17.656746Z,7,99,15.4,5830
2023-05-15T13:00:18.698427Z,29,84,31.2,17442
2023-05-15T13:00:19.738843Z,24,169,1.7,17133
2023-05-15T13:00:21.841373Z,7,164,31.4,12799
2023-05-15T13:00:24.067240Z,29,136,1.8,152
2023-05-15T13:00:24.688902Z,24,128,26.8,8182
2023-05-15T13:00:26.125514Z,7,110,7.0,525
2023-05-15T13:00:27.679721Z,29,81,11.8,6296
2023-05-15T13:00:29.879620Z,24,88,7.7,3165
2023-05-15T13:00:32.371930Z,7,165,5.9,5473
2023-05-15T13:00:32.981961Z,29,145,3.8,10719
2023-05-15T13:00:34.288660Z,24,160,6.6,6786
2023-05-15T13:00:37.124478Z,7,130,32.9,3958
2023-05-15T13:00:38.205498Z,29,93,12.5,5689
2023-05-15T13:00:38.742984Z,24,163,11.1,12752
2023-05-15T13:00:39.774904Z,7,108,2.3,9124
2023-05-15T13:00:41.899766Z,29,127,1.5,7161
2023-05-15T13:00:43.427508Z,24,156,17.5,3336
2023-05-15T13:00:45.708836Z,7,152,6.0,3104
2023-05-15T13:00:47.708504Z,29,160,24.4,4355
2023-05-15T13:00:49.038620Z,24,161,26.7,10419
2023-05-15T13:00:51.983674Z,29,165,16.9,10980
2023-05-15T13:00:52.527796Z,7,154,15.7,16745
2023-05-15T13:00:54.629276Z,24,109,17.6,435
2023-05-15T13:00:55.710791Z,7,158,26.6,4065
2023-05-15T13:00:56.982913Z,29,134,26.5,2601
2023-05-15T13:00:57.632721Z,24,127,17.5,6619
2023-05-15T13:00:58.511897Z,7,106,22.5,7800
2023-05-15T13:01:01.320420Z,29,156,34.6,14540
2023-05-15T13:01:03.668559Z,24,122,4.7,10405
2023-05-15T13:01:05.777564Z,7,85,18.2,13595
2023-05-15T13:01:07.897680Z,29,116,26.3,7504
2023-05-15T13:01:10.515017Z,24,122,12.0,6744
2023-05-15T13:01:12.363296Z,7,165,34.6,7289
2023-05-15T13:01:14.383454Z,29,128,18.3,6014
2023-05-15T13:01:15.989356Z,24,80,2.3,16110
2023-05-15T13:01:16.664318Z,7,104,1.8,4637
2023-05-15T13:01:19.510004Z,29,96,3.2,19419
2023-05-15T13:01:21.382122Z,24,106,8.3,2561
2023-05-15T13:01:22.947722Z,7,139,10.9,6472
2023-05-15T13:01:24.060034Z,29,102,21.2,9932
2023-05-15T13:01:25.273416Z,24,137,33.9,6599
2023-05-15T13:01:26.453068Z,7,141,2.8,11782
2023-05-15T13:01:27.948679Z,29,101,16.5,13850
2023-05-15T13:01:29.711910Z,24,135,26.6,15794
2023-05-15T13:01:30.261438Z,7,128,15.0,2727
2023-05-15T13:01:32.658584Z,29,118,20.8,5006
2023-05-15T13:01:34.540714Z,24,102,9.0,15192
2023-05-15T13:01:35.805332Z,29,116,13.1,19858
2023-05-15T13:01:37.507443Z,7,122,4.8,15376
2023-05-15T13:01:38.496732Z,24,104,0.1,16406
2023-05-15T13:01:40.822654Z,7,127,17.2,13625
2023-05-15T13:01:43.673366Z,29,127,13.4,10086
2023-05-15T13:01:45.775988Z,24,155,2.5,1272
2023-05-15T13:01:48.757169Z,29,95,13.5,18533
2023-05-15T13:01:49.663075Z,7,135,33.5,11422
2023-05-15T13:01:51.437096Z,24,142,22.2,12064
2023-05-15T13:01:53.678235Z,29,163,13.5,13894
2023-05-15T13:01:56.017396Z,7,111,16.7,11842
2023-05-15T13:01:58.094778Z,24,166,1.0,4845
2023-05-15T13:01:59.248105Z,29,138,33.0,4828
2023-05-15T13:02:00.383825Z,7,157,20.2,5289
2023-05-15T13:02:00.914668Z,24,91,22.6,12594
2023-05-15T13:02:02.408835Z,29,155,34.1,2632
2023-05-15T13:02:04.205178Z,7,104,30.7,5433
2023-05-15T13:02:06.779552Z,24,112,24.2,16405
2023-05-15T13:02:09.698761Z,29,164,31.0,19204
2023-05-15T13:02:10.968708Z,7,132,26.3,2912
2023-05-15T13:02:11.741893Z,24,153,27.2,11285
2023-05-15T13:02:14.277463Z,29,114,26.2,13040
2023-05-15T13:02:16.524985Z,7,80,34.5,16112
2023-05-15T13:02:17.028931Z,24,88,27.1,13691
2023-05-15T13:02:18.841336Z,29,163,10.1,14121
2023-05-15T13:02:19.767922Z,7,127,6.5,4401
2023-05-15T13:02:20.762973Z,24,103,17.6,3612
2023-05-15T13:02:22.389625Z,29,107,6.5,1932
2023-05-15T13:02:24.764414Z,7,104,9.1,13395
2023-05-15T13:02:26.366240Z,24,159,3.8,5443
2023-05-15T13:02:27.065765Z,29,90,13.2,9068
2023-05-15T13:02:27.726421Z,7,83,20.5,15659
2023-05-15T13:02:29.439407Z,24,92,0.3,8718
2023-05-15T13:02:31.818904Z,29,80,23.3,1371
2023-05-15T13:02:32.561009Z,7,146,27.7,12309
2023-05-15T13:02:34.568471Z,24,114,32.6,15506
2023-05-15T13:02:36.960750Z,29,157,15.0,12149
2023-05-15T13:02:39.165400Z,7,123,35.0,7851
2023-05-15T13:02:42.017878Z,24,165,13.9,1875
2023-05-15T13:02:44.956141Z,7,122,28.2,101
2023-05-15T13:02:46.598439Z,18,169,14.1,4550
2023-05-15T13:02:47.162640Z,24,95,30.4,9157
2023-05-15T13:02:50.040295Z,7,111,12.9,15571
2023-05-15T13:02:51.827580Z,18,164,6.6,10557
2023-05-15T13:02:52.369156Z,24,126,30.6,10666
2023-05-15T13:02:54.563980Z,7,109,21.2,13112
2023-05-15T13:02:56.911992Z,18,90,12.2,15601
2023-05-15T13:02:59.879171Z,24,169,31.7,12611
2023-05-15T13:03:01.113828Z,7,104,24.9,17041
2023-05-15T13:03:03.804413Z,18,144,1.1,16316
2023-05-15T13:03:06.296465Z,28,118,29.1,17981
2023-05-15T13:03:09.264514Z,7,139,5.9,14623
2023-05-15T13:03:12.152142Z,18,141,23.2,7893
2023-05-15T13:03:13.260532Z,28,101,26.4,2930
2023-05-15T13:03:14.024206Z,7,83,5.6,10698
2023-05-15T13:03:16.780827Z,18,115,7.7,8441
2023-05-15T13:03:18.945659Z,28,165,4.3,4448
2023-05-15T13:03:21.752499Z,7,161,25.4,2963
2023-05-15T13:03:24.241350Z,18,122,30.5,18873
2023-05-15T13:03:26.657193Z,28,156,2.3,11246
2023-05-15T13:03:28.099719Z,7,128,22.9,18412
2023-05-15T13:03:31.015339Z,18,135,28.3,7325
2023-05-15T13:03:32.163074Z,28,117,3.1,2920
2023-05-15T13:03:33.513669Z,7,155,32.8,3804
2023-05-15T13:03:35.445767Z,18,96,29.9,12458
2023-05-15T13:03:37.388059Z,28,80,10.9,19335
2023-05-15T13:03:39.227067Z,7,129,34.3,10474
2023-05-15T13:03:41.655269Z,18,166,32.7,4138
2023-05-15T13:03:43.454647Z,28,157,20.7,3492
2023-05-15T13:03:44.942928Z,7,148,29.8,10352
2023-05-15T13:03:45.804680Z,18,117,29.3,16378
2023-05-15T13:03:48.004632Z,28,98,21.1,4779
2023-05-15T13:03:50.372282Z,7,169,1.2,10490
2023-05-15T13:03:51.644511Z,18,168,4.3,18807
2023-05-15T13:03:53.340218Z,28,107,17.3,12343
2023-05-15T13:03:53.987249Z,7,122,5.3,6901
2023-05-15T13:03:56.607424Z,18,108,24.5,1722
2023-05-15T13:03:59.415319Z,28,102,30.0,12838
2023-05-15T13:04:00.663073Z,7,164,31.9,5216
2023-05-15T13:04:03.640731Z,18,150,13.7,13842
2023-05-15T13:04:05.835478Z,28,124,26.5,12814
2023-05-15T13:04:06.515036Z,7,116,9.9,6392
2023-05-15T13:04:08.767808Z,18,150,13.8,4289
2023-05-15T13:04:10.076354Z,28,154,30.3,1773
2023-05-15T13:04:12.700878Z,7,170,10.6,5363
2023-05-15T13:04:14.643772Z,18,136,24.4,9538
2023-05-15T13:04:17.386817Z,28,106,7.6,6411
2023-05-15T13:04:19.725114Z,7,81,12.7,18863
2023-05-15T13:04:20.479984Z,18,98,13.2,13995
2023-05-15T13:04:22.678597Z,28,101,32.4,3147
2023-05-15T13:04:24.067557Z,7,140,6.3,1719
2023-05-15T13:04:24.860924Z,18,145,22.8,19444
2023-05-15T13:04:26.445478Z,28,99,21.9,13238
2023-05-15T13:04:27.557981Z,18,95,8.4,16011
2023-05-15T13:04:28.814705Z,7,156,33.4,12300
2023-05-15T13:04:31.254330Z,28,165,23.0,15193
2023-05-15T13:04:33.916569Z,7,163,13.4,14585
2023-05-15T13:04:35.334877Z,18,95,4.1,3999
2023-05-15T13:04:37.057923Z,28,165,31.8,7370
2023-05-15T13:04:37.615490Z,7,153,34.6,15712
2023-05-15T13:04:38.799802Z,18,92,27.8,5934
2023-05-15T13:04:40.259702Z,28,162,24.6,9776
2023-05-15T13:04:42.188260Z,7,92,11.4,17613
2023-05-15T13:04:43.150485Z,18,169,0.7,18220
2023-05-15T13:04:45.694142Z,28,147,17.1,17003
2023-05-15T13:04:48.287002Z,7,148,25.0,4066
2023-05-15T13:04:50.670773Z,18,106,33.8,3844
2023-05-15T13:04:51.622433Z,28,156,24.3,174
2023-05-15T13:04:53.509237Z,7,120,4.3,4221
2023-05-15T13:04:55.446940Z,18,163,5.6,18431
2023-05-15T13:04:56.588841Z,28,84,3.0,4086
2023-05-15T13:04:58.354212Z,7,126,33.8,5623
2023-05-15T13:04:59.911840Z,18,164,0.0,9850
2023-05-15T13:05:00.527256Z,28,146,31.7,9614
2023-05-15T13:05:02.675150Z,7,136,4.9,16070
2023-05-15T13:05:04.912904Z,18,146,31.9,11538
2023-05-15T13:05:06.928334Z,28,145,7.3,3244
2023-05-15T13:05:09.084876Z,7,85,8.3,6162
2023-05-15T13:05:09.939044Z,18,107,33.5,19731
2023-05-15T13:05:11.819221Z,28,155,12.6,4210
2023-05-15T13:05:14.141982Z,18,134,2.6,8354
2023-05-15T13:05:15.293668Z,7,163,31.6,13109
2023-05-15T13:05:16.933837Z,28,112,23.7,4693
2023-05-15T13:05:18.773598Z,29,89,22.0,8827
2023-05-15T13:05:21.761996Z,7,169,22.6,12194
2023-05-15T13:05:23.671101Z,28,162,28.7,19822
2023-05-15T13:05:24.581209Z,29,99,11.1,14209
2023-05-15T13:05:26.028564Z,7,157,8.7,8851
2023-05-15T13:05:26.840117Z,28,94,23.9,13329
2023-05-15T13:05:27.505015Z,29,161,3.1,10928
2023-05-15T13:05:29.950192Z,7,98,30.4,7397
2023-05-15T13:05:31.134309Z,28,92,13.2,7281
2023-05-15T13:05:32.580890Z,29,93,27.4,4046
2023-05-15T13:05:33.520218Z,7,119,20.6,16043
2023-05-15T13:05:34.259069Z,28,124,24.5,9240
2023-05-15T13:05:36.137925Z,29,157,3.5,1571
2023-05-15T13:05:37.064794Z,7,129,6.3,17422
2023-05-15T13:05:38.943973Z,28,131,16.7,4180
2023-05-15T13:05:40.091626Z,7,167,18.0,5095
2023-05-15T13:05:42.235533Z,29,98,13.3,8761
2023-05-15T13:05:42.867695Z,28,161,34.1,8162
2023-05-15T13:05:45.063233Z,7,133,24.7,5999
2023-05-15T13:05:46.660633Z,29,125,27.9,16457
2023-05-15T13:05:47.877682Z,28,134,18.2,7496
2023-05-15T13:05:49.140651Z,7,91,33.2,13320
2023-05-15T13:05:51.567097Z,29,91,22.2,2513
2023-05-15T13:05:53.891980Z,28,91,5.8,1881
2023-05-15T13:05:54.603443Z,7,116,19.4,16149
2023-05-15T13:05:57.124310Z,29,81,33.7,13893
2023-05-15T13:05:59.316893Z,28,97,16.8,16875
2023-05-15T13:06:01.529698Z,7,166,31.1,4085
2023-05-15T13:06:03.043377Z,29,158,6.7,238
2023-05-15T13:06:05.328777Z,28,169,18.7,11306
2023-05-15T13:06:06.439343Z,29,164,33.3,17305
2023-05-15T13:06:08.649538Z,7,85,21.3,5522
2023-05-15T13:06:10.835843Z,28,147,31.6,5728
2023-05-15T13:06:11.523649Z,7,97,18.0,1668
2023-05-15T13:06:13.080455Z,29,128,6.0,3710
2023-05-15T13:06:14.425351Z,22,166,8.7,17665
2023-05-15T13:06:17.052294Z,7,95,10.2,15831
2023-05-15T13:06:18.286157Z,29,107,0.1,18639
2023-05-15T13:06:19.770211Z,22,119,32.5,16892
2023-05-15T13:06:22.334529Z,29,84,32.7,15999
2023-05-15T13:06:22.978271Z,7,80,21.5,10765
2023-05-15T13:06:24.224148Z,22,93,0.2,6100
2023-05-15T13:06:25.729318Z,29,81,3.5,16123
2023-05-15T13:06:26.723179Z,7,147,18.0,5036
2023-05-15T13:06:28.249977Z,22,142,0.2,8196
2023-05-15T13:06:29.315215Z,29,130,13.1,11943
2023-05-15T13:06:30.886069Z,7,103,18.8,8830
2023-05-15T13:06:31.657806Z,22,136,23.0,14396
2023-05-15T13:06:32.562392Z,29,125,26.1,190
2023-05-15T13:06:33.960484Z,7,170,6.9,6211
2023-05-15T13:06:35.172733Z,22,97,13.8,10853
2023-05-15T13:06:37.925228Z,29,100,23.3,15705
2023-05-15T13:06:40.824475Z,7,114,4.2,16025
2023-05-15T13:06:42.699784Z,22,167,25.0,10645
2023-05-15T13:06:45.077509Z,29,131,17.6,12741
2023-05-15T13:06:45.906053Z,7,93,27.7,4132
2023-05-15T13:06:46.794908Z,22,144,0.5,7749
2023-05-15T13:06:47.425008Z,29,123,15.0,19565
2023-05-15T13:06:49.768587Z,7,135,16.8,9247
2023-05-15T13:06:51.483410Z,22,134,8.7,4996
2023-05-15T13:06:53.806531Z,29,103,8.7,3768
2023-05-15T13:06:56.466948Z,7,169,8.7,14062
2023-05-15T13:06:57.462979Z,22,170,27.4,3377
2023-05-15T13:06:59.715841Z,29,144,21.4,6182
2023-05-15T13:07:02.697220Z,7,155,22.0,4873
2023-05-15T13:07:03.770680Z,22,96,14.0,8973
2023-05-15T13:07:06.746677Z,29,98,14.9,6541
2023-05-15T13:07:07.474016Z,7,86,13.3,17202
2023-05-15T13:07:08.740131Z,22,161,34.3,7267
2023-05-15T13:07:10.080576Z,29,141,2.1,13994
2023-05-15T13:07:12.190259Z,7,118,3.9,11913
2023-05-15T13:07:13.391649Z,22,124,24.9,8092
2023-05-15T13:07:14.691251Z,29,86,6.4,17
2023-05-15T13:07:15.321578Z,7,121,7.4,15468
2023-05-15T13:07:16.521976Z,22,157,3.5,6056
2023-05-15T13:07:17.652634Z,29,142,12.7,9973
2023-05-15T13:07:18.431456Z,7,165,0.5,18080
2023-05-15T13:07:20.857615Z,22,96,11.6,11841
2023-05-15T13:07:23.214945Z,29,155,18.5,12176
2023-05-15T13:07:24.310576Z,7,115,7.4,12584
2023-05-15T13:07:25.028654Z,22,93,4.6,19720
2023-05-15T13:07:25.829540Z,29,155,33.9,6240
2023-05-15T13:07:26.811859Z,7,137,32.4,2453
2023-05-15T13:07:29.666404Z,22,159,12.0,15538
2023-05-15T13:07:32.640516Z,7,105,18.7,5035
2023-05-15T13:07:33.250044Z,29,104,14.6,8274
2023-05-15T13:07:35.979011Z,22,151,34.1,11993
2023-05-15T13:07:37.600217Z,7,95,31.9,2218
2023-05-15T13:07:39.307269Z,29,147,32.6,16510
2023-05-15T13:07:41.784482Z,22,101,21.0,4224
2023-05-15T13:07:43.008623Z,7,152,2.1,6232
2023-05-15T13:07:45.360411Z,29,130,17.3,17447
2023-05-15T13:07:48.036050Z,22,89,5.8,16688
2023-05-15T13:07:49.496426Z,29,129,14.0,8896
2023-05-15T13:07:50.513737Z,7,80,5.6,7137
2023-05-15T13:07:52.494019Z,22,81,30.8,16803
2023-05-15T13:07:54.132621Z,29,170,25.2,8481
2023-05-15T13:07:55.391146Z,7,108,10.4,8798
2023-05-15T13:07:57.271523Z,22,101,7.8,17483
2023-05-15T13:07:58.367065Z,7,85,22.4,9101
2023-05-15T13:08:01.185185Z,29,114,30.6,1688
2023-05-15T13:08:03.291218Z,22,111,34.6,6880
2023-05-15T13:08:05.127705Z,7,80,22.7,19829
2023-05-15T13:08:08.058252Z,29,121,2.9,17998
2023-05-15T13:08:09.218347Z,22,97,14.3,9663
2023-05-15T13:08:10.529935Z,29,87,21.9,341
2023-05-15T13:08:13.089764Z,7,108,25.6,9164
2023-05-15T13:08:14.031602Z,22,82,18.8,19112
2023-05-15T13:08:14.797709Z,7,168,13.4,8432
2023-05-15T13:08:17.472773Z,29,161,21.2,6755
2023-05-15T13:08:20.014891Z,22,108,11.3,6682
2023-05-15T13:08:21.969050Z,7,130,5.4,7593
2023-05-15T13:08:24.293580Z,29,135,12.9,15696
2023-05-15T13:08:25.027808Z,22,103,16.1,5770
2023-05-15T13:08:25.999958Z,7,142,33.0,5911
2023-05-15T13:08:28.118869Z,29,82,10.9,5823
2023-05-15T13:08:30.662617Z,22,167,21.3,2275
2023-05-15T13:08:31.521423Z,7,134,8.6,13189
2023-05-15T13:08:32.272007Z,29,147,4.8,386
2023-05-15T13:08:34.280241Z,22,128,13.4,3605
2023-05-15T13:08:36.846647Z,7,162,32.7,4331
2023-05-15T13:08:37.967504Z,29,90,9.4,19648
2023-05-15T13:08:38.501246Z,22,81,33.5,3484
2023-05-15T13:08:40.357171Z,7,123,29.8,2784
2023-05-15T13:08:41.362975Z,29,141,26.6,14559
2023-05-15T13:08:43.901637Z,22,119,11.6,5063
2023-05-15T13:08:45.011159Z,7,149,24.2,17813
2023-05-15T13:08:45.818848Z,29,85,3.6,9723
2023-05-15T13:08:46.575263Z,22,133,5.0,7350
2023-05-15T13:08:47.135265Z,7,134,13.5,11577
2023-05-15T13:08:49.273676Z,29,108,32.3,12607
2023-05-15T13:08:51.490592Z,22,94,17.2,3608
2023-05-15T13:08:52.551898Z,7,116,12.5,10935
2023-05-15T13:08:53.347775Z,29,90,31.3,19808
2023-05-15T13:08:54.225532Z,22,134,18.6,19648
2023-05-15T13:08:55.178946Z,7,134,5.3,9881
2023-05-15T13:08:57.240842Z,29,116,12.2,3405
2023-05-15T13:08:58.418575Z,22,143,23.2,8696
2023-05-15T13:09:00.945374Z,7,89,27.6,4870
2023-05-15T13:09:03.389834Z,29,98,11.2,12799
2023-05-15T13:09:05.006572Z,22,141,28.5,3708
2023-05-15T13:09:06.951179Z,29,115,5.1,10585
2023-05-15T13:09:09.938108Z,7,103,26.9,11554
2023-05-15T13:09:11.236397Z,28,134,16.8,13564
2023-05-15T13:09:13.240755Z,42,161,11.7,8057
2023-05-15T13:09:14.698718Z,7,150,17.4,17490
2023-05-15T13:09:16.430222Z,28,148,28.7,12603
2023-05-15T13:09:17.139266Z,42,133,18.4,7187
2023-05-15T13:09:19.396999Z,7,110,12.7,6661
2023-05-15T13:09:22.381762Z,28,82,12.7,15529
2023-05-15T13:09:25.275801Z,7,94,2.1,11447
2023-05-15T13:09:26.677947Z,42,97,10.3,4723
2023-05-15T13:09:29.266078Z,28,150,34.0,13797
2023-05-15T13:09:30.372322Z,7,108,2.0,4515
2023-05-15T13:09:31.165412Z,42,169,24.6,12368
2023-05-15T13:09:33.498116Z,28,169,33.8,12179
2023-05-15T13:09:34.133324Z,7,93,23.2,2417
2023-05-15T13:09:35.825390Z,42,156,30.5,989
2023-05-15T13:09:36.692607Z,28,98,2.8,2525
2023-05-15T13:09:37.223801Z,7,133,5.2,5977
2023-05-15T13:09:38.898213Z,42,97,26.2,9814
2023-05-15T13:09:40.573674Z,28,123,15.5,432
2023-05-15T13:09:41.790597Z,7,99,2.1,1052
2023-05-15T13:09:43.801031Z,42,102,17.6,356
2023-05-15T13:09:45.292008Z,28,134,23.8,14886
2023-05-15T13:09:47.177398Z,7,113,32.2,16445
2023-05-15T13:09:48.442483Z,42,109,14.8,5138
2023-05-15T13:09:49.622052Z,28,91,18.3,4100
2023-05-15T13:09:51.979889Z,42,131,21.7,7173
2023-05-15T13:09:53.460616Z,7,151,21.2,2529
2023-05-15T13:09:56.002013Z,28,139,16.7,13274
2023-05-15T13:09:58.570147Z,42,101,1.9,12172
2023-05-15T13:10:00.686765Z,7,104,9.4,3420
2023-05-15T13:10:01.381286Z,28,157,27.3,10992
2023-05-15T13:10:01.951408Z,42,116,5.7,3488
2023-05-15T13:10:02.614706Z,7,156,0.4,10129
2023-05-15T13:10:03.584066Z,28,105,22.3,1060
2023-05-15T13:10:04.684904Z,39,90,34.2,18507
2023-05-15T13:10:05.297090Z,41,141,1.6,10308
2023-05-15T13:10:06.030117Z,7,119,0.3,11686
2023-05-15T13:10:08.409316Z,39,130,17.5,10304
2023-05-15T13:10:10.788922Z,41,125,34.1,3190
2023-05-15T13:10:12.117217Z,7,144,3.5,4921
2023-05-15T13:10:12.676430Z,39,128,16.7,1225
2023-05-15T13:10:13.901728Z,41,99,23.9,2580
2023-05-15T13:10:16.614738Z,7,91,33.3,7588
2023-05-15T13:10:19.325743Z,41,167,22.9,5277
2023-05-15T13:10:22.309285Z,39,144,18.1,19947
2023-05-15T13:10:24.437772Z,7,123,15.7,4299
2023-05-15T13:10:25.785324Z,41,126,21.8,14119
2023-05-15T13:10:26.385356Z,39,167,13.6,6842
2023-05-15T13:10:29.377880Z,7,157,2.6,4993
2023-05-15T13:10:31.295132Z,41,143,3.4,489
2023-05-15T13:10:32.151688Z,39,119,19.1,2856
2023-05-15T13:10:33.898969Z,7,138,11.0,9686
2023-05-15T13:10:34.802650Z,41,115,20.2,11579
2023-05-15T13:10:35.525723Z,39,102,24.9,15097
2023-05-15T13:10:36.670583Z,7,140,34.2,14484
2023-05-15T13:10:38.796313Z,41,97,32.9,18636
2023-05-15T13:10:40.516960Z,39,126,30.1,13137
2023-05-15T13:10:42.039543Z,7,159,32.1,4226
2023-05-15T13:10:43.641612Z,39,145,29.6,10277
2023-05-15T13:10:45.075820Z,41,167,14.5,14748
2023-05-15T13:10:46.232889Z,7,167,1.5,1869
2023-05-15T13:10:48.585495Z,24,111,24.5,18376
2023-05-15T13:10:49.105352Z,41,93,10.2,5184
2023-05-15T13:10:51.030686Z,7,89,7.8,15147
2023-05-15T13:10:53.203562Z,24,124,16.3,17534
2023-05-15T13:10:55.953878Z,41,139,3.8,5907
2023-05-15T13:10:58.283323Z,7,130,26.9,6536
2023-05-15T13:10:59.787124Z,24,88,11.1,19803
2023-05-15T13:11:01.502862Z,41,169,25.9,3746
2023-05-15T13:11:02.698800Z,7,84,19.1,15399
2023-05-15T13:11:03.562585Z,24,107,11.2,1026
2023-05-15T13:11:06.532112Z,41,128,2.2,11845
2023-05-15T13:11:09.006010Z,7,140,7.5,6930
2023-05-15T13:11:11.676062Z,24,167,14.8,8259
2023-05-15T13:11:13.765280Z,41,90,5.0,8975
2023-05-15T13:11:15.277951Z,7,118,30.6,14792
2023-05-15T13:11:17.956174Z,24,147,7.5,8501
2023-05-15T13:11:18.916370Z,41,86,3.2,14042
2023-05-15T13:11:20.271418Z,7,118,5.8,11445
2023-05-15T13:11:23.126272Z,41,141,16.6,5265
2023-05-15T13:11:26.040247Z,24,135,12.4,18688
2023-05-15T13:11:27.513092Z,7,81,19.6,19566
2023-05-15T13:11:28.509492Z,41,165,20.2,4738
2023-05-15T13:11:29.818823Z,24,120,0.5,15029
2023-05-15T13:11:32.653371Z,7,143,30.3,3722
2023-05-15T13:11:35.133413Z,41,166,14.2,17062
2023-05-15T13:11:37.439128Z,24,137,33.0,4119
2023-05-15T13:11:39.524861Z,7,161,33.9,3193
2023-05-15T13:11:40.116076Z,41,104,14.7,17894
2023-05-15T13:11:42.552037Z,24,156,13.2,11406
2023-05-15T13:11:43.576445Z,7,104,34.0,18901
2023-05-15T13:11:46.464206Z,41,127,28.5,530
2023-05-15T13:11:47.719067Z,24,119,17.6,4087
2023-05-15T13:11:49.967360Z,7,163,35.0,13567
2023-05-15T13:11:51.493327Z,41,125,29.0,13954
2023-05-15T13:11:53.301252Z,24,122,4.0,5761
2023-05-15T13:11:54.948311Z,7,127,6.2,19493
2023-05-15T13:11:55.854954Z,41,135,13.4,14335
2023-05-15T13:11:57.940222Z,24,169,21.7,3251
2023-05-15T13:12:00.928630Z,7,93,3.1,538
2023-05-15T13:12:02.969281Z,41,132,3.6,17849
2023-05-15T13:12:03.718536Z,24,136,17.6,1069
2023-05-15T13:12:05.887811Z,7,133,7.4,14897
2023-05-15T13:12:07.766781Z,41,94,6.8,15387
2023-05-15T13:12:10.643160Z,24,124,33.9,15202
2023-05-15T13:12:12.175497Z,7,162,24.6,12969
2023-05-15T13:12:12.694510Z,41,127,27.4,16631
2023-05-15T13:12:13.903521Z,24,164,9.3,13589
2023-05-15T13:12:16.086773Z,7,80,31.5,13584
2023-05-15T13:12:16.668460Z,41,83,5.4,12268
2023-05-15T13:12:19.270384Z,24,146,28.7,19659
2023-05-15T13:12:20.564061Z,7,101,33.6,14090
2023-05-15T13:12:21.668639Z,24,130,6.7,12888
2023-05-15T13:12:24.240014Z,41,153,15.0,12793
2023-05-15T13:12:27.183403Z,7,102,14.1,10424
2023-05-15T13:12:28.976596Z,41,135,8.1,4139
2023-05-15T13:12:30.737239Z,24,160,20.2,12845
2023-05-15T13:12:33.344816Z,7,160,32.1,18117
2023-05-15T13:12:34.242449Z,24,121,7.1,3056
2023-05-15T13:12:34.806550Z,41,81,22.0,19440
2023-05-15T13:12:35.689172Z,7,159,24.8,2581
2023-05-15T13:12:37.618657Z,41,83,26.0,4277
2023-05-15T13:12:40.577192Z,24,161,22.1,11734
2023-05-15T13:12:41.543580Z,7,163,31.4,9729
2023-05-15T13:12:42.528152Z,41,111,25.4,12389
2023-05-15T13:12:44.954131Z,24,164,1.8,2718
2023-05-15T13:12:47.791571Z,7,160,0.8,18984
2023-05-15T13:12:50.458919Z,41,94,16.1,19526
2023-05-15T13:12:51.265630Z,24,98,9.9,5918
2023-05-15T13:12:51.997573Z,7,143,29.6,6814
2023-05-15T13:12:53.474574Z,41,142,27.8,13557
2023-05-15T13:12:54.158514Z,24,160,2.7,13759
2023-05-15T13:12:55.596650Z,7,120,22.2,14774
2023-05-15T13:12:58.118023Z,24,103,10.5,5854
2023-05-15T13:13:00.267189Z,41,160,21.2,1030
2023-05-15T13:13:01.060207Z,7,123,34.8,15856
2023-05-15T13:13:04.047497Z,24,156,19.1,5190
2023-05-15T13:13:05.851868Z,41,112,32.4,6319
2023-05-15T13:13:07.867145Z,7,148,0.8,16768
2023-05-15T13:13:10.269547Z,24,107,30.3,3761
2023-05-15T13:13:13.015978Z,41,83,11.5,7201
2023-05-15T13:13:13.724585Z,7,168,32.9,8768
2023-05-15T13:13:14.908751Z,24,105,33.4,11421
2023-05-15T13:13:17.178960Z,41,163,10.3,16246
2023-05-15T13:13:18.769115Z,35,131,32.3,8195
2023-05-15T13:13:19.701514Z,24,167,29.6,9210
2023-05-15T13:13:22.606192Z,41,93,20.4,19253
2023-05-15T13:13:23.885155Z,35,106,33.4,15985
2023-05-15T13:13:25.468834Z,24,137,14.8,8902
2023-05-15T13:13:28.008564Z,41,159,3.8,12551
2023-05-15T13:13:29.581846Z,35,152,12.4,2105
2023-05-15T13:13:31.205354Z,24,84,33.5,8292
2023-05-15T13:13:33.172527Z,41,117,21.1,17383
2023-05-15T13:13:34.553160Z,35,83,4.0,10573
2023-05-15T13:13:36.126627Z,24,103,12.5,2380
2023-05-15T13:13:37.164587Z,41,127,13.0,10303
2023-05-15T13:13:37.970346Z,35,120,24.1,10776
2023-05-15T13:13:39.004777Z,24,152,27.8,7623
2023-05-15T13:13:40.908878Z,41,129,9.9,6952
2023-05-15T13:13:42.727034Z,35,93,19.6,19919
2023-05-15T13:13:45.592712Z,24,165,2.6,13819
2023-05-15T13:13:47.798042Z,41,135,11.1,10489
2023-05-15T13:13:48.793418Z,35,86,28.1,16339
2023-05-15T13:13:49.410398Z,24,115,14.7,4066
2023-05-15T13:13:51.042361Z,41,156,11.4,12545
2023-05-15T13:13:52.133416Z,35,82,10.0,18866
2023-05-15T13:13:55.103303Z,24,139,10.0,13199
2023-05-15T13:13:55.695823Z,41,148,32.1,1281
2023-05-15T13:13:57.039298Z,35,82,2.4,3116
2023-05-15T13:13:59.613924Z,41,133,25.3,9000
2023-05-15T13:14:00.906898Z,24,124,14.0,18233
2023-05-15T13:14:03.343432Z,35,143,21.4,12888
2023-05-15T13:14:04.589542Z,24,138,17.3,3978
2023-05-15T13:14:07.197231Z,41,159,3.6,7340
2023-05-15T13:14:07.816817Z,35,81,4.9,10579
2023-05-15T13:14:10.470289Z,41,135,7.9,2884
2023-05-15T13:14:11.448188Z,24,127,28.6,17614
2023-05-15T13:14:14.422101Z,35,168,30.4,8509
2023-05-15T13:14:17.130399Z,41,85,3.9,9970
2023-05-15T13:14:17.818004Z,24,122,24.1,12437
2023-05-15T13:14:18.992784Z,35,101,32.4,19118
2023-05-15T13:14:20.644518Z,24,96,11.2,4849
2023-05-15T13:14:23.027105Z,41,132,22.3,4009
2023-05-15T13:14:24.831514Z,35,110,20.2,16059
2023-05-15T13:14:27.772388Z,24,121,27.0,15817
2023-05-15T13:14:28.836964Z,41,113,26.8,2713
2023-05-15T13:14:30.219488Z,35,111,23.1,6746
2023-05-15T13:14:32.456901Z,24,89,34.0,1974
2023-05-15T13:14:33.488090Z,41,165,7.6,12617
2023-05-15T13:14:34.457884Z,35,93,11.9,19350
2023-05-15T13:14:36.861890Z,24,145,30.0,10217
2023-05-15T13:14:39.133171Z,41,163,5.4,16531
2023-05-15T13:14:39.897322Z,35,96,7.7,11915
2023-05-15T13:14:41.361261Z,24,137,30.4,16825
2023-05-15T13:14:42.368813Z,41,131,6.6,9104
2023-05-15T13:14:43.926548Z,35,167,10.8,18915
2023-05-15T13:14:46.047505Z,24,98,16.1,3511
2023-05-15T13:14:48.410070Z,41,110,0.6,15101
2023-05-15T13:14:49.377644Z,35,83,16.7,17396
2023-05-15T13:14:51.009246Z,39,113,4.1,18032
2023-05-15T13:14:51.719413Z,41,135,7.4,13006
2023-05-15T13:14:53.474889Z,35,145,11.7,14461
2023-05-15T13:14:54.656361Z,39,92,1.7,12534
2023-05-15T13:14:56.986365Z,41,134,6.8,6207
2023-05-15T13:14:58.493095Z,35,156,9.7,19904
2023-05-15T13:15:00.227136Z,39,135,3.8,1634
2023-05-15T13:15:02.342998Z,41,94,7.7,1741
2023-05-15T13:15:05.080644Z,35,153,9.3,2157
2023-05-15T13:15:06.910973Z,41,115,7.9,13256
2023-05-15T13:15:08.390743Z,39,92,7.7,8790
2023-05-15T13:15:10.128672Z,35,101,27.5,11391
2023-05-15T13:15:12.220920Z,41,170,20.9,101
2023-05-15T13:15:12.956526Z,39,144,31.8,15622
2023-05-15T13:15:15.304253Z,35,168,8.4,10325
2023-05-15T13:15:17.507859Z,41,101,6.6,14916
2023-05-15T13:15:18.362443Z,39,81,23.3,14022
2023-05-15T13:15:19.697578Z,35,102,34.1,2522
2023-05-15T13:15:20.624391Z,41,81,20.8,15526
2023-05-15T13:15:22.582288Z,39,142,30.6,15485
2023-05-15T13:15:23.355753Z,35,82,19.9,9524
2023-05-15T13:15:25.944151Z,41,147,17.6,4803
2023-05-15T13:15:28.382292Z,39,92,10.7,10999
2023-05-15T13:15:30.013833Z,35,124,34.6,8432
2023-05-15T13:15:32.172354Z,41,112,12.8,444
2023-05-15T13:15:34.741728Z,39,118,24.9,16968
2023-05-15T13:15:37.178044Z,35,156,17.0,8845
2023-05-15T13:15:39.392504Z,39,161,0.7,13445
2023-05-15T13:15:42.033168Z,41,164,34.8,11704
2023-05-15T13:15:43.777749Z,35,111,20.2,14113
2023-05-15T13:15:45.176299Z,39,91,6.8,12379
2023-05-15T13:15:47.273133Z,41,115,30.7,17855
2023-05-15T13:15:50.021186Z,35,137,34.6,17265
2023-05-15T13:15:50.958567Z,39,166,12.2,10852
2023-05-15T13:15:52.436133Z,41,133,33.1,9052
2023-05-15T13:15:53.709441Z,35,85,20.3,11248
2023-05-15T13:15:56.294870Z,39,95,15.2,14910
2023-05-15T13:15:58.211526Z,41,124,10.1,273
2023-05-15T13:15:59.958844Z,35,167,5.1,4922
2023-05-15T13:16:01.766809Z,39,117,21.8,5328
2023-05-15T13:16:03.025923Z,41,116,2.3,9657
2023-05-15T13:16:03.564904Z,35,85,7.6,19433
2023-05-15T13:16:04.373493Z,39,142,10.7,14100
2023-05-15T13:16:05.754132Z,41,80,1.7,4512
2023-05-15T13:16:07.129678Z,35,116,27.5,16449
2023-05-15T13:16:09.292993Z,39,151,5.4,2818
2023-05-15T13:16:11.575986Z,41,98,34.9,6446
2023-05-15T13:16:13.156113Z,35,90,10.2,1053
2023-05-15T13:16:14.839057Z,39,125,8.7,12656
2023-05-15T13:16:16.395465Z,41,92,31.3,9896
2023-05-15T13:16:18.388062Z,35,102,19.7,10567
2023-05-15T13:16:20.899013Z,39,97,23.9,6537
2023-05-15T13:16:22.024064Z,41,133,19.4,9865
2023-05-15T13:16:23.286554Z,29,118,19.8,15111
2023-05-15T13:16:25.151131Z,39,128,27.4,14316
2023-05-15T13:16:25.891237Z,41,147,15.5,10264
2023-05-15T13:16:27.650775Z,29,167,24.9,15347
2023-05-15T13:16:29.036260Z,39,139,14.7,13443
2023-05-15T13:16:30.689470Z,41,151,0.9,13792
2023-05-15T13:16:31.410542Z,29,97,21.5,9908
2023-05-15T13:16:33.877122Z,39,154,17.9,4170
2023-05-15T13:16:35.929346Z,41,152,30.7,1754
2023-05-15T13:16:38.317684Z,29,130,4.4,195
2023-05-15T13:16:39.974704Z,39,146,16.1,1780
2023-05-15T13:16:40.686352Z,41,114,29.0,3507
2023-05-15T13:16:42.020061Z,29,92,28.8,18528
2023-05-15T13:16:43.723731Z,39,122,30.3,3979
2023-05-15T13:16:46.074913Z,41,166,17.9,1737
2023-05-15T13:16:48.328845Z,29,146,5.0,16230
2023-05-15T13:16:49.169852Z,39,166,22.4,5071
2023-05-15T13:16:50.422083Z,41,119,25.2,211
2023-05-15T13:16:52.936125Z,29,159,24.1,3758
2023-05-15T13:16:53.603980Z,39,99,21.1,3966
2023-05-15T13:16:55.403536Z,41,111,7.2,15523
2023-05-15T13:16:55.965177Z,29,144,15.5,1823
2023-05-15T13:16:58.780288Z,39,118,14.2,6030
2023-05-15T13:17:01.330965Z,41,149,9.1,14389
2023-05-15T13:17:03.979250Z,29,158,4.3,4792
2023-05-15T13:17:06.069743Z,39,103,5.0,7886
2023-05-15T13:17:06.996682Z,41,169,19.1,15602
2023-05-15T13:17:08.697848Z,29,117,23.4,19292
2023-05-15T13:17:10.430258Z,39,165,9.6,12642
2023-05-15T13:17:12.674390Z,41,93,16.2,13920
2023-05-15T13:17:13.544806Z,29,116,16.0,18488
2023-05-15T13:17:15.018379Z,43,154,10.6,14564
2023-05-15T13:17:15.624958Z,41,125,33.7,15332
2023-05-15T13:17:18.331018Z,29,138,9.7,5187
2023-05-15T13:17:19.725387Z,43,144,7.4,17205
2023-05-15T13:17:21.201948Z,41,88,6.1,4961
2023-05-15T13:17:22.581616Z,29,152,11.9,4588
2023-05-15T13:17:23.777466Z,43,164,10.6,12908
2023-05-15T13:17:24.447991Z,41,162,16.9,15458
2023-05-15T13:17:26.462595Z,29,103,20.2,16612
2023-05-15T13:17:28.901090Z,43,147,9.1,10619
2023-05-15T13:17:30.873220Z,41,154,12.2,13230
2023-05-15T13:17:31.542145Z,29,83,29.8,5215
2023-05-15T13:17:32.621406Z,41,165,3.7,15611
2023-05-15T13:17:33.930554Z,43,109,34.3,7753
2023-05-15T13:17:34.694134Z,29,102,25.5,12585
2023-05-15T13:17:37.083669Z,43,133,32.3,2029
2023-05-15T13:17:39.113428Z,41,94,1.3,2388
2023-05-15T13:17:40.717249Z,29,127,21.2,965
2023-05-15T13:17:43.526126Z,41,121,3.8,14729
2023-05-15T13:17:44.970198Z,43,161,20.1,6544
2023-05-15T13:17:45.959493Z,29,142,15.3,9374
2023-05-15T13:17:47.023234Z,43,100,15.2,17318
2023-05-15T13:17:49.544915Z,41,104,3.0,794
2023-05-15T13:17:51.617704Z,29,165,3.4,1089
2023-05-15T13:17:54.142726Z,43,80,12.6,13370
2023-05-15T13:17:56.063464Z,41,89,11.9,17306
2023-05-15T13:17:57.803903Z,29,106,20.0,15523
2023-05-15T13:17:59.556029Z,41,125,21.6,18307
2023-05-15T13:18:02.189583Z,43,88,15.4,12324
2023-05-15T13:18:04.874525Z,29,152,2.7,16949
2023-05-15T13:18:06.120092Z,41,95,17.5,1686
2023-05-15T13:18:08.123816Z,43,122,0.8,9499
2023-05-15T13:18:10.929499Z,29,112,13.7,11727
2023-05-15T13:18:11.599381Z,41,100,33.9,2450
2023-05-15T13:18:13.435441Z,43,110,29.9,16385
2023-05-15T13:18:14.716039Z,29,159,2.0,3633
2023-05-15T13:18:16.672970Z,41,113,22.9,1057
2023-05-15T13:18:18.018083Z,43,113,7.0,1946
2023-05-15T13:18:18.866305Z,29,150,28.6,10800
2023-05-15T13:18:21.676741Z,41,164,31.9,2042
2023-05-15T13:18:22.765784Z,43,89,28.2,18476
2023-05-15T13:18:25.526594Z,29,169,29.2,1158
2023-05-15T13:18:26.891208Z,41,89,33.2,19600
2023-05-15T13:18:29.239431Z,43,90,31.1,15688
2023-05-15T13:18:32.105933Z,29,114,25.3,3409
2023-05-15T13:18:32.694933Z,43,144,7.9,11477
2023-05-15T13:18:34.273722Z,41,118,27.4,7463
2023-05-15T13:18:34.827330Z,29,87,0.9,6428
2023-05-15T13:18:36.662795Z,43,128,23.9,592
2023-05-15T13:18:38.544035Z,41,86,13.5,12361
2023-05-15T13:18:40.782636Z,29,135,24.5,18007
2023-05-15T13:18:41.627062Z,43,136,4.1,12049
2023-05-15T13:18:43.006535Z,41,123,15.3,1898
2023-05-15T13:18:44.101961Z,29,91,20.6,7442
2023-05-15T13:18:45.634625Z,43,148,19.9,488
2023-05-15T13:18:48.317765Z,41,111,28.4,2510
2023-05-15T13:18:48.959401Z,29,136,6.3,1432
2023-05-15T13:18:50.244716Z,43,157,22.9,8003
2023-05-15T13:18:53.239938Z,41,96,21.2,15686
2023-05-15T13:18:55.383895Z,29,164,2.7,8198
2023-05-15T13:18:58.229820Z,43,106,17.3,11696
2023-05-15T13:19:00.973920Z,41,108,15.5,9919
2023-05-15T13:19:03.827487Z,29,150,10.2,8002
2023-05-15T13:19:05.644597Z,43,114,11.2,17741
2023-05-15T13:19:07.403211Z,41,86,12.1,13462
2023-05-15T13:19:09.666965Z,29,159,17.0,2570
2023-05-15T13:19:10.675852Z,43,97,29.4,17071
2023-05-15T13:19:11.752192Z,41,150,7.4,12202
2023-05-15T13:19:14.064469Z,29,98,1.3,7703
2023-05-15T13:19:16.310324Z,43,163,26.7,3743
2023-05-15T13:19:16.863548Z,41,84,9.5,19275
2023-05-15T13:19:18.323990Z,29,90,2.1,19980
2023-05-15T13:19:19.783831Z,43,82,30.2,12604
2023-05-15T13:19:21.393880Z,41,108,7.2,6043
2023-05-15T13:19:23.543694Z,29,148,1.8,9999
2023-05-15T13:19:24.121959Z,43,124,32.8,19947
2023-05-15T13:19:26.508154Z,41,123,32.3,8602
2023-05-15T13:19:29.033763Z,36,155,7.6,896
2023-05-15T13:19:30.386124Z,43,159,15.2,14009
2023-05-15T13:19:32.842656Z,41,87,28.3,18130
2023-05-15T13:19:34.312932Z,36,166,10.1,17523
2023-05-15T13:19:35.971688Z,43,153,25.2,17003
2023-05-15T13:19:37.121940Z,41,128,16.4,7806
2023-05-15T13:19:37.951622Z,36,81,9.8,8991
2023-05-15T13:19:38.665464Z,43,111,27.0,9693
2023-05-15T13:19:40.009295Z,41,130,1.4,8987
2023-05-15T13:19:41.413532Z,36,164,8.8,19922
2023-05-15T13:19:41.944380Z,43,119,19.9,10518
2023-05-15T13:19:44.534379Z,41,102,15.5,565
2023-05-15T13:19:46.134152Z,36,139,1.3,11754
2023-05-15T13:19:47.834672Z,24,151,7.6,1919
2023-05-15T13:19:49.783598Z,41,90,9.7,19999
2023-05-15T13:19:51.662218Z,36,88,15.4,8454
2023-05-15T13:19:54.077160Z,24,115,9.1,16217
2023-05-15T13:19:54.895216Z,41,160,6.1,1624
2023-05-15T13:19:55.976897Z,36,163,1.3,16604
2023-05-15T13:19:58.628323Z,24,154,11.1,18134
2023-05-15T13:20:00.921717Z,41,87,33.3,8488
2023-05-15T13:20:03.859923Z,36,82,23.7,11578
2023-05-15T13:20:05.711026Z,24,85,21.0,11459
2023-05-15T13:20:06.483935Z,41,144,15.5,16745
2023-05-15T13:20:07.177561Z,36,106,11.4,12168
2023-05-15T13:20:09.750406Z,24,167,14.6,13974
2023-05-15T13:20:12.440039Z,41,98,0.9,19889
2023-05-15T13:20:14.910450Z,36,122,34.1,12278
2023-05-15T13:20:16.587163Z,24,117,21.8,5253
2023-05-15T13:20:18.007918Z,41,117,32.6,19373
2023-05-15T13:20:18.571756Z,36,157,7.4,10259
2023-05-15T13:20:20.348746Z,24,145,27.4,11273
2023-05-15T13:20:23.198596Z,41,128,29.1,1068
2023-05-15T13:20:25.341244Z,36,99,13.3,2570
2023-05-15T13:20:28.229192Z,28,108,19.8,18823
2023-05-15T13:20:30.305003Z,43,133,18.9,3972
2023-05-15T13:20:32.923991Z,49,147,27.9,19893
2023-05-15T13:20:34.604814Z,43,147,18.2,10385
2023-05-15T13:20:35.777771Z,28,153,10.3,7996
2023-05-15T13:20:37.099482Z,49,126,8.1,10315
2023-05-15T13:20:39.469953Z,39,94,24.3,14582
2023-05-15T13:20:41.801949Z,28,132,12.7,11533
2023-05-15T13:20:43.703092Z,49,89,32.0,15864
2023-05-15T13:20:45.716138Z,39,137,27.5,7528
2023-05-15T13:20:47.639494Z,28,96,32.4,8026
2023-05-15T13:20:50.080615Z,49,132,23.6,4526
2023-05-15T13:20:52.094479Z,39,116,12.0,3865
2023-05-15T13:20:52.798244Z,28,133,17.7,4862
2023-05-15T13:20:54.738273Z,49,160,30.9,6491
2023-05-15T13:20:57.487954Z,39,138,0.5,3958
2023-05-15T13:20:59.034518Z,28,150,24.9,15396
2023-05-15T13:21:01.391653Z,49,96,30.4,14136
2023-05-15T13:21:01.951482Z,39,101,34.6,4337
2023-05-15T13:21:03.738725Z,28,147,32.2,13839
2023-05-15T13:21:05.124644Z,49,131,24.4,7911
2023-05-15T13:21:07.404603Z,39,95,11.8,11031
2023-05-15T13:21:09.383298Z,28,158,3.8,1482
2023-05-15T13:21:10.067679Z,49,125,33.2,13398
2023-05-15T13:21:12.144759Z,28,135,10.1,15633
2023-05-15T13:21:14.395043Z,39,103,25.3,19318
2023-05-15T13:21:17.185898Z,49,145,2.9,255
2023-05-15T13:21:19.169781Z,28,127,23.6,14861
2023-05-15T13:21:20.618217Z,39,136,6.2,19270
2023-05-15T13:21:21.816466Z,49,92,8.1,16164
2023-05-15T13:21:23.169259Z,28,152,18.1,17209
2023-05-15T13:21:25.118830Z,39,134,10.0,12585
2023-05-15T13:21:26.415276Z,49,102,33.4,1374
2023-05-15T13:21:28.950244Z,24,106,15.1,9117
2023-05-15T13:21:30.888089Z,39,158,11.0,11381
2023-05-15T13:21:32.100066Z,49,95,10.1,15946
2023-05-15T13:21:33.697358Z,24,101,10.1,8500
2023-05-15T13:21:36.669372Z,39,93,32.4,9130
2023-05-15T13:21:37.521880Z,49,106,19.3,16669
2023-05-15T13:21:39.909042Z,24,83,20.9,1302
2023-05-15T13:21:42.808684Z,39,149,18.8,6394
2023-05-15T13:21:43.325347Z,49,83,12.9,9235
2023-05-15T13:21:46.179862Z,24,153,14.9,14576
2023-05-15T13:21:47.982097Z,39,138,10.3,3591
2023-05-15T13:21:50.272724Z,49,95,15.6,14164
2023-05-15T13:21:52.005863Z,24,91,30.3,9124
2023-05-15T13:21:54.334947Z,39,94,33.9,2590
2023-05-15T13:21:56.695641Z,49,108,25.5,10718
2023-05-15T13:21:57.587459Z,24,122,9.7,16804
2023-05-15T13:21:59.767663Z,39,89,24.7,10315
2023-05-15T13:22:02.498344Z,49,84,15.2,17081
2023-05-15T13:22:03.792162Z,39,151,23.1,1167
2023-05-15T13:22:06.665118Z,24,160,0.3,4485
2023-05-15T13:22:08.630976Z,49,108,23.6,8692
2023-05-15T13:22:10.306265Z,39,142,28.5,16276
2023-05-15T13:22:11.512764Z,24,105,22.2,2906
2023-05-15T13:22:14.389846Z,49,107,0.1,2204
2023-05-15T13:22:16.116574Z,39,158,7.3,5836
2023-05-15T13:22:16.713606Z,24,168,9.2,12461
2023-05-15T13:22:18.791172Z,49,110,22.3,15867
2023-05-15T13:22:20.617325Z,39,103,30.7,7598
2023-05-15T13:22:23.304923Z,24,165,17.0,12851
2023-05-15T13:22:25.299528Z,49,149,16.8,3163
2023-05-15T13:22:26.346854Z,39,116,14.7,14652
2023-05-15T13:22:27.660347Z,24,164,14.9,5773
2023-05-15T13:22:29.322187Z,49,120,23.1,11389
2023-05-15T13:22:31.564608Z,39,170,4.5,15851
2023-05-15T13:22:34.164910Z,24,142,21.0,7695
2023-05-15T13:22:34.737316Z,49,114,17.8,13402
2023-05-15T13:22:35.389324Z,24,121,9.2,10407
2023-05-15T13:22:36.917397Z,39,136,14.9,8542
2023-05-15T13:22:39.698319Z,49,114,17.0,7174
2023-05-15T13:22:41.047923Z,24,85,10.8,13428
2023-05-15T13:22:42.101198Z,39,101,18.8,3614
2023-05-15T13:22:44.970892Z,49,158,21.4,4234
2023-05-15T13:22:46.983295Z,39,82,33.3,691
2023-05-15T13:22:49.489327Z,24,91,27.3,10921
2023-05-15T13:22:52.269898Z,49,150,2.2,1612
2023-05-15T13:22:54.066520Z,39,126,18.7,5144
2023-05-15T13:22:56.661893Z,24,130,30.1,7514
2023-05-15T13:22:57.887362Z,49,100,31.9,10862
2023-05-15T13:22:59.420850Z,39,150,25.7,446
2023-05-15T13:23:00.011037Z,24,82,26.4,17254
2023-05-15T13:23:00.767339Z,49,130,27.7,1385
2023-05-15T13:23:01.659703Z,24,118,0.8,8103
2023-05-15T13:23:02.244148Z,39,95,28.5,12381
2023-05-15T13:23:04.382338Z,49,96,28.6,8847
2023-05-15T13:23:07.037297Z,39,89,2.6,13611
2023-05-15T13:23:07.587682Z,24,149,21.2,4975
2023-05-15T13:23:08.326574Z,49,155,27.7,6366
2023-05-15T13:23:10.905253Z,24,119,27.5,13931
2023-05-15T13:23:12.686142Z,39,82,10.6,15037
2023-05-15T13:23:13.692809Z,49,113,33.9,18880
2023-05-15T13:23:15.371310Z,24,117,15.0,7282
2023-05-15T13:23:18.288526Z,39,151,9.7,9319
2023-05-15T13:23:21.057690Z,49,148,17.7,12530
2023-05-15T13:23:21.600721Z,24,143,25.5,12213
2023-05-15T13:23:24.007472Z,39,93,15.8,18935
2023-05-15T13:23:26.945448Z,49,130,27.0,14650
2023-05-15T13:23:28.370002Z,24,152,3.8,10178
2023-05-15T13:23:29.701091Z,39,160,34.2,3125
2023-05-15T13:23:31.603305Z,49,106,30.3,16050
2023-05-15T13:23:33.586829Z,24,90,4.9,15516
2023-05-15T13:23:35.395343Z,39,152,26.6,1931
2023-05-15T13:23:37.813864Z,49,112,14.4,11071
2023-05-15T13:23:40.399673Z,39,84,11.3,18524
2023-05-15T13:23:42.396498Z,24,80,9.4,6855
2023-05-15T13:23:44.784093Z,49,142,19.1,10256
2023-05-15T13:23:47.682781Z,24,110,11.3,15826
2023-05-15T13:23:49.468859Z,39,90,32.2,13949
2023-05-15T13:23:51.716998Z,24,128,4.5,446
2023-05-15T13:23:52.622231Z,24,95,5.8,14339
2023-05-15T13:23:55.296604Z,39,94,1.4,13899
2023-05-15T13:23:57.034565Z,24,160,28.1,15964
2023-05-15T13:23:57.884228Z,39,150,14.6,303
2023-05-15T13:23:59.126106Z,24,135,34.9,8883
2023-05-15T13:24:00.932306Z,24,158,31.1,18474
2023-05-15T13:24:03.057858Z,39,98,10.2,6699
2023-05-15T13:24:05.564892Z,24,127,18.2,8232
2023-05-15T13:24:07.245167Z,24,106,32.8,4434
2023-05-15T13:24:08.155763Z,39,140,0.3,13641
2023-05-15T13:24:09.103827Z,24,140,2.3,183
2023-05-15T13:24:10.383428Z,24,104,7.0,3075
2023-05-15T13:24:12.227757Z,39,122,3.3,15358
2023-05-15T13:24:14.213893Z,24,88,12.3,18322
2023-05-15T13:24:16.922251Z,24,124,22.0,6312
2023-05-15T13:24:18.108703Z,39,134,20.5,10018
2023-05-15T13:24:19.526890Z,24,131,32.7,18386
2023-05-15T13:24:21.379432Z,24,164,7.1,19419
2023-05-15T13:24:22.260487Z,39,107,9.8,8615
2023-05-15T13:24:24.169636Z,24,96,27.9,19245
2023-05-15T13:24:26.281711Z,24,129,11.6,19404
2023-05-15T13:24:28.293649Z,39,158,23.4,15512
2023-05-15T13:24:29.316916Z,24,80,27.4,7092
2023-05-15T13:24:30.045262Z,24,158,5.1,5400
2023-05-15T13:24:31.733922Z,24,80,11.3,1710
2023-05-15T13:24:32.576359Z,39,136,14.9,15456
2023-05-15T13:24:33.894082Z,24,144,26.6,7889
2023-05-15T13:24:35.794445Z,24,128,27.1,15547
2023-05-15T13:24:37.181924Z,39,146,11.1,2562
2023-05-15T13:24:39.890138Z,24,107,33.4,9100
2023-05-15T13:24:42.168507Z,39,135,19.6,16059
2023-05-15T13:24:44.406256Z,24,112,24.0,18281
2023-05-15T13:24:47.155661Z,24,163,12.2,828
2023-05-15T13:24:49.821007Z,39,139,27.0,11337
2023-05-15T13:24:52.142236Z,24,107,21.6,6258
2023-05-15T13:24:53.598380Z,24,102,32.7,349
2023-05-15T13:24:54.587970Z,39,126,18.4,183
2023-05-15T13:24:56.553441Z,24,122,3.3,12087
2023-05-15T13:24:59.342959Z,24,144,32.3,19882
2023-05-15T13:25:00.525529Z,24,162,9.6,15687
2023-05-15T13:25:02.021264Z,39,169,24.6,8984
2023-05-15T13:25:04.084440Z,24,153,28.8,15427
2023-05-15T13:25:07.077519Z,24,160,15.9,5694
2023-05-15T13:25:08.761140Z,39,162,26.3,3404
2023-05-15T13:25:09.356624Z,24,83,21.5,5019
2023-05-15T13:25:11.620723Z,39,102,30.5,4313
2023-05-15T13:25:12.327785Z,24,95,2.0,2042
2023-05-15T13:25:13.613376Z,24,149,9.7,6362
2023-05-15T13:25:15.751139Z,39,82,11.6,10370
2023-05-15T13:25:18.495480Z,24,101,31.7,19229
2023-05-15T13:25:20.800819Z,24,126,18.1,13211
2023-05-15T13:25:22.341766Z,24,165,23.4,2128
2023-05-15T13:25:23.324116Z,39,144,5.2,8737
2023-05-15T13:25:24.034038Z,24,136,1.6,19940
2023-05-15T13:25:25.030747Z,24,144,14.3,105
2023-05-15T13:25:26.308658Z,39,151,12.3,11188
2023-05-15T13:25:27.974289Z,24,169,3.0,15171
2023-05-15T13:25:28.694694Z,39,91,6.4,2831
2023-05-15T13:25:29.658841Z,24,155,21.9,658
2023-05-15T13:25:32.075647Z,24,81,7.6,12272
2023-05-15T13:25:33.726520Z,39,111,10.8,6261
2023-05-15T13:25:36.095041Z,24,96,10.9,12429
2023-05-15T13:25:38.359826Z,24,102,9.8,18515
2023-05-15T13:25:39.648678Z,39,108,29.2,8939
2023-05-15T13:25:42.357599Z,24,102,34.3,8498
2023-05-15T13:25:44.601494Z,24,113,3.2,11637
2023-05-15T13:25:46.548234Z,39,124,27.0,17139
2023-05-15T13:25:48.172417Z,24,160,24.0,5586
2023-05-15T13:25:48.764245Z,24,154,13.5,17627
2023-05-15T13:25:50.686023Z,39,169,15.2,9459
2023-05-15T13:25:51.704640Z,24,169,33.9,18075
2023-05-15T13:25:54.279284Z,24,114,3.2,6904
2023-05-15T13:25:55.424819Z,39,139,9.1,3778
2023-05-15T13:25:57.217394Z,24,160,6.5,4581
2023-05-15T13:25:58.885511Z,24,121,13.0,12383
2023-05-15T13:26:01.031273Z,39,84,11.3,3427
2023-05-15T13:26:03.104953Z,24,81,5.6,15581
2023-05-15T13:26:04.441734Z,24,162,31.6,6131
2023-05-15T13:26:07.224606Z,24,119,5.7,17916
2023-05-15T13:26:08.190008Z,39,82,15.4,14956
2023-05-15T13:26:10.173945Z,24,168,15.2,13085
2023-05-15T13:26:11.857875Z,39,111,8.8,12229
2023-05-15T13:26:13.860230Z,24,141,23.7,9836
2023-05-15T13:26:14.460552Z,24,109,26.7,16612
2023-05-15T13:26:15.230190Z,39,134,27.1,18923
2023-05-15T13:26:16.732065Z,24,83,5.7,5452
2023-05-15T13:26:19.537949Z,24,156,33.8,17173
2023-05-15T13:26:20.534104Z,39,152,26.3,4256
2023-05-15T13:26:22.692620Z,24,86,34.0,10134
2023-05-15T13:26:25.174779Z,24,98,28.1,15031
2023-05-15T13:26:26.664764Z,50,138,0.0,4832
2023-05-15T13:26:27.665780Z,24,102,10.5,2633
2023-05-15T13:26:28.627264Z,24,106,15.3,8019
2023-05-15T13:26:29.512609Z,50,151,29.6,12263
2023-05-15T13:26:30.024971Z,24,100,12.1,15427
2023-05-15T13:26:31.899544Z,24,130,24.5,15476
2023-05-15T13:26:34.070636Z,50,139,24.7,3139
2023-05-15T13:26:35.539571Z,24,120,26.7,4375
2023-05-15T13:26:37.039280Z,24,121,31.4,13913
2023-05-15T13:26:39.031627Z,50,148,2.5,16000
2023-05-15T13:26:41.206319Z,24,155,0.9,19940
2023-05-15T13:26:42.151719Z,24,110,12.9,11136
2023-05-15T13:26:43.905359Z,50,80,21.4,13047
2023-05-15T13:26:46.691824Z,24,162,8.1,16382
2023-05-15T13:26:47.661750Z,24,107,10.6,3042
2023-05-15T13:26:49.010717Z,24,163,6.3,4939
2023-05-15T13:26:50.223127Z,50,129,23.6,15750
2023-05-15T13:26:50.810194Z,36,133,6.3,13048
2023-05-15T13:26:53.016043Z,39,93,16.3,2707
2023-05-15T13:26:54.381760Z,50,92,23.0,13253
2023-05-15T13:26:56.890636Z,36,81,5.6,4218
2023-05-15T13:26:58.827342Z,50,129,24.0,379
2023-05-15T13:27:00.542690Z,39,165,14.1,1786
2023-05-15T13:27:01.800076Z,36,113,26.0,3799
2023-05-15T13:27:03.809166Z,24,137,17.6,15517
2023-05-15T13:27:06.089225Z,39,148,34.0,3659
2023-05-15T13:27:08.552962Z,36,134,18.6,12565
2023-05-15T13:27:11.228748Z,39,90,5.3,11046
2023-05-15T13:27:14.099251Z,24,170,20.7,6475
2023-05-15T13:27:15.886492Z,36,158,25.5,14909
2023-05-15T13:27:17.473712Z,39,139,9.9,3982
2023-05-15T13:27:20.143454Z,24,138,12.8,19638
2023-05-15T13:27:22.359423Z,36,112,14.9,9704
2023-05-15T13:27:24.776507Z,39,83,19.0,5856
2023-05-15T13:27:26.009606Z,24,133,0.6,10637
2023-05-15T13:27:27.253814Z,36,84,20.9,11706
2023-05-15T13:27:29.583575Z,39,148,25.9,8147
2023-05-15T13:27:30.521659Z,24,148,3.3,4739
2023-05-15T13:27:32.603959Z,36,135,31.2,11317
2023-05-15T13:27:35.533591Z,39,168,21.6,17155
2023-05-15T13:27:37.456262Z,24,85,2.7,12215
2023-05-15T13:27:38.051980Z,36,157,34.2,3313
2023-05-15T13:27:39.506762Z,39,90,11.8,9895
2023-05-15T13:27:41.063087Z,24,82,6.4,8416
2023-05-15T13:27:43.367072Z,36,90,29.3,14202
2023-05-15T13:27:46.279972Z,39,104,20.0,9935
2023-05-15T13:27:48.318926Z,24,149,29.9,7987
2023-05-15T13:27:50.554569Z,36,86,13.1,15496
2023-05-15T13:27:51.592592Z,39,135,9.6,6085
2023-05-15T13:27:52.784727Z,24,165,1.6,13063
2023-05-15T13:27:55.559093Z,36,166,10.0,165
2023-05-15T13:27:57.077050Z,39,82,27.4,4252
2023-05-15T13:27:58.263972Z,24,139,21.0,10425
2023-05-15T13:27:59.006841Z,36,108,0.6,10636
2023-05-15T13:28:00.059485Z,24,158,10.1,19966
2023-05-15T13:28:02.626922Z,39,155,14.7,19504
2023-05-15T13:28:03.948802Z,36,129,16.6,18273
2023-05-15T13:28:04.480220Z,24,123,11.2,14561
2023-05-15T13:28:05.359667Z,39,143,7.4,5570
2023-05-15T13:28:07.542132Z,36,112,14.1,18720
2023-05-15T13:28:10.461441Z,24,160,17.0,11314
2023-05-15T13:28:11.169171Z,39,147,12.9,9562
2023-05-15T13:28:13.546315Z,36,137,23.6,968
2023-05-15T13:28:14.436066Z,39,154,5.8,11522
2023-05-15T13:28:16.348297Z,24,133,34.9,767
2023-05-15T13:28:18.726768Z,36,116,19.5,16081
2023-05-15T13:28:21.700969Z,24,128,32.2,4315
2023-05-15T13:28:23.147041Z,39,95,3.4,7153
2023-05-15T13:28:24.175304Z,36,94,20.0,5853
2023-05-15T13:28:26.837537Z,24,131,19.3,11535
2023-05-15T13:28:29.215739Z,39,133,31.5,9138
2023-05-15T13:28:30.514248Z,36,126,22.1,10412
2023-05-15T13:28:32.270010Z,24,148,13.7,13237
2023-05-15T13:28:34.007093Z,39,139,10.0,14727
2023-05-15T13:28:34.899513Z,36,102,14.0,109
2023-05-15T13:28:36.731177Z,24,122,26.7,5644
2023-05-15T13:28:38.939556Z,39,92,13.4,13700
2023-05-15T13:28:41.875174Z,36,132,6.6,951
2023-05-15T13:28:43.922364Z,24,97,21.3,16494
2023-05-15T13:28:46.919639Z,39,156,20.0,13394
2023-05-15T13:28:49.783362Z,36,121,21.3,5454
2023-05-15T13:28:51.706627Z,39,140,24.0,12133
2023-05-15T13:28:52.263426Z,24,156,30.9,12757
2023-05-15T13:28:54.143569Z,36,104,29.8,5288
2023-05-15T13:28:55.787991Z,24,110,6.1,6546
2023-05-15T13:28:57.094802Z,39,117,2.3,1012
2023-05-15T13:28:58.112320Z,36,139,16.1,19767
2023-05-15T13:28:59.721453Z,24,110,27.9,15119
2023-05-15T13:29:01.471990Z,39,94,28.1,10854
2023-05-15T13:29:04.152204Z,36,100,8.6,2288
2023-05-15T13:29:04.669412Z,24,84,23.9,13315
2023-05-15T13:29:07.337069Z,39,140,30.2,2305
2023-05-15T13:29:09.794676Z,36,113,30.9,17607
2023-05-15T13:29:10.597131Z,24,157,22.6,17503
2023-05-15T13:29:12.884042Z,39,136,16.8,1959
2023-05-15T13:29:14.116450Z,36,130,29.0,1307
2023-05-15T13:29:15.524883Z,24,145,22.0,14419
2023-05-15T13:29:17.096354Z,39,95,3.6,8601
2023-05-15T13:29:19.491205Z,36,154,26.4,3662
2023-05-15T13:29:21.796191Z,24,126,14.5,11135
2023-05-15T13:29:22.651066Z,39,111,27.8,6884
2023-05-15T13:29:23.812335Z,36,122,22.5,2427
2023-05-15T13:29:25.457940Z,24,170,17.2,8019
2023-05-15T13:29:27.850391Z,39,123,10.3,14571
2023-05-15T13:29:29.177044Z,36,137,24.5,18619
2023-05-15T13:29:30.365291Z,24,84,26.6,4850
2023-05-15T13:29:32.169739Z,39,83,7.7,12152
2023-05-15T13:29:34.078588Z,36,117,10.7,5187
2023-05-15T13:29:35.997688Z,24,119,16.6,14413
2023-05-15T13:29:38.180885Z,39,99,26.0,4212
2023-05-15T13:29:39.047200Z,36,117,30.1,8431
2023-05-15T13:29:41.139106Z,39,83,29.8,19111
2023-05-15T13:29:42.396497Z,24,154,0.4,11932
2023-05-15T13:29:44.699345Z,36,146,14.2,5583
2023-05-15T13:29:47.630353Z,24,162,5.5,16419
2023-05-15T13:29:48.916094Z,39,127,13.2,15900
2023-05-15T13:29:51.037035Z,36,147,16.9,15859
2023-05-15T13:29:53.779869Z,39,81,23.4,2121
2023-05-15T13:29:55.135786Z,24,119,7.2,4918
2023-05-15T13:29:56.331575Z,36,95,22.7,11681
2023-05-15T13:29:58.078551Z,39,152,31.9,399
2023-05-15T13:30:00.678494Z,24,147,31.4,6636
2023-05-15T13:30:02.087395Z,36,84,13.9,3238
2023-05-15T13:30:04.967466Z,39,144,2.4,18130
2023-05-15T13:30:07.871606Z,24,148,30.5,1834
2023-05-15T13:30:09.488188Z,24,146,8.7,8390
2023-05-15T13:30:11.981363Z,39,103,24.1,8031
2023-05-15T13:30:13.052213Z,24,138,6.2,19960
2023-05-15T13:30:14.216621Z,24,115,3.2,6226
2023-05-15T13:30:16.549964Z,24,88,31.7,4343
2023-05-15T13:30:18.356358Z,39,87,7.3,7993
2023-05-15T13:30:20.320551Z,24,154,16.7,3220
2023-05-15T13:30:22.162885Z,24,86,11.2,2393
2023-05-15T13:30:23.153950Z,39,94,15.5,15598
2023-05-15T13:30:24.147441Z,24,149,20.6,19604
2023-05-15T13:30:25.865518Z,24,152,0.3,14082
2023-05-15T13:30:28.518366Z,39,94,25.2,14504
2023-05-15T13:30:30.961856Z,24,104,20.6,14950
2023-05-15T13:30:33.942450Z,39,112,26.4,19705
2023-05-15T13:30:35.119308Z,28,160,6.2,16622
2023-05-15T13:30:36.827507Z,24,116,33.3,9818
2023-05-15T13:30:37.988007Z,28,148,8.7,9020
2023-05-15T13:30:40.182613Z,39,144,10.8,14419
2023-05-15T13:30:40.961288Z,24,103,17.1,10459
2023-05-15T13:30:43.694706Z,28,145,16.5,5345
2023-05-15T13:30:44.641694Z,39,135,23.6,3098
2023-05-15T13:30:47.454932Z,24,136,12.0,17648
2023-05-15T13:30:50.011326Z,28,104,27.3,7595
2023-05-15T13:30:51.044367Z,39,144,10.7,17380
2023-05-15T13:30:52.724056Z,24,167,10.5,19972
2023-05-15T13:30:53.749786Z,39,166,5.4,5124
2023-05-15T13:30:54.729546Z,28,130,27.5,5175
2023-05-15T13:30:56.754854Z,24,100,11.4,16923
2023-05-15T13:30:59.707740Z,28,163,20.8,13661
2023-05-15T13:31:02.157127Z,39,114,8.0,8613
2023-05-15T13:31:03.837081Z,24,118,13.0,10034
2023-05-15T13:31:05.171386Z,39,125,29.0,10333
2023-05-15T13:31:06.795656Z,28,134,19.7,13668
2023-05-15T13:31:07.309837Z,24,131,1.9,13395
2023-05-15T13:31:08.693867Z,45,97,34.1,8985
2023-05-15T13:31:09.242566Z,15,170,7.1,8386
2023-05-15T13:31:10.479558Z,43,127,0.8,14008
2023-05-15T13:31:12.956858Z,45,121,19.5,6535
2023-05-15T13:31:15.450545Z,15,159,17.6,8977
2023-05-15T13:31:16.217631Z,43,111,5.6,15718
2023-05-15T13:31:19.071366Z,45,155,16.4,1507
2023-05-15T13:31:21.524436Z,15,129,24.1,15959
2023-05-15T13:31:22.649051Z,43,157,20.5,1943
2023-05-15T13:31:23.402651Z,45,161,12.0,17625
2023-05-15T13:31:24.826273Z,15,116,3.9,4400
2023-05-15T13:31:27.528397Z,43,89,11.4,13558
2023-05-15T13:31:30.089174Z,45,99,20.6,18811
2023-05-15T13:31:31.089160Z,15,91,15.3,10742
2023-05-15T13:31:33.020993Z,43,164,9.1,17400
2023-05-15T13:31:35.564268Z,45,168,0.8,2228
2023-05-15T13:31:38.241081Z,15,169,24.9,10287
2023-05-15T13:31:41.134081Z,43,126,31.7,14609
2023-05-15T13:31:43.502264Z,45,107,6.4,15346
2023-05-15T13:31:44.571470Z,15,126,11.7,8487
2023-05-15T13:31:45.709864Z,43,82,4.9,13460
2023-05-15T13:31:47.278191Z,45,142,27.9,17314
2023-05-15T13:31:47.928907Z,15,145,13.1,18537
2023-05-15T13:31:49.521924Z,43,84,33.6,10717
2023-05-15T13:31:51.997268Z,45,142,9.9,10936
2023-05-15T13:31:54.083203Z,15,89,19.8,18294
2023-05-15T13:31:56.534674Z,43,148,5.5,16826
2023-05-15T13:31:59.150422Z,15,91,20.1,15350
2023-05-15T13:32:01.175501Z,45,104,26.3,14121
2023-05-15T13:32:03.719890Z,43,139,15.8,4987
2023-05-15T13:32:05.845999Z,15,89,6.4,18848
2023-05-15T13:32:07.195523Z,45,147,27.3,14168
2023-05-15T13:32:09.919015Z,43,131,20.1,208
2023-05-15T13:32:11.978239Z,15,129,0.7,7380
2023-05-15T13:32:13.284200Z,45,99,9.1,7303
2023-05-15T13:32:15.245141Z,43,121,18.6,6564
2023-05-15T13:32:17.669961Z,15,153,32.4,18902
2023-05-15T13:32:18.551473Z,45,98,7.2,5950
2023-05-15T13:32:19.303714Z,43,148,21.1,1292
2023-05-15T13:32:21.752372Z,24,149,12.2,2269
2023-05-15T13:32:23.071025Z,45,120,32.5,6842
2023-05-15T13:32:24.075279Z,43,100,14.8,8882
2023-05-15T13:32:25.157726Z,24,107,27.0,894
2023-05-15T13:32:26.001006Z,45,136,4.3,12291
2023-05-15T13:32:26.564566Z,43,106,13.3,14641
2023-05-15T13:32:28.160933Z,24,105,7.2,12468
2023-05-15T13:32:30.136476Z,45,95,3.2,5737
2023-05-15T13:32:31.903234Z,43,154,25.4,3987
2023-05-15T13:32:32.810441Z,24,106,4.2,16027
2023-05-15T13:32:35.162046Z,45,125,26.2,10383
2023-05-15T13:32:36.699866Z,43,106,34.5,16610
2023-05-15T13:32:38.099512Z,24,112,17.8,14973
2023-05-15T13:32:38.639876Z,45,128,28.1,13117
2023-05-15T13:32:41.543798Z,43,92,12.4,10157
2023-05-15T13:32:44.135135Z,45,135,33.1,9853
2023-05-15T13:32:45.208532Z,24,169,3.0,12769
2023-05-15T13:32:47.898387Z,43,82,33.3,9001
2023-05-15T13:32:50.222460Z,45,121,1.6,8159
2023-05-15T13:32:51.165856Z,24,81,4.5,5103
2023-05-15T13:32:52.016407Z,43,140,26.7,2004
2023-05-15T13:32:54.006918Z,45,106,30.3,9603
2023-05-15T13:32:55.436178Z,24,133,28.8,13737
2023-05-15T13:32:56.367228Z,43,146,33.8,5951
2023-05-15T13:32:57.779898Z,45,94,27.5,982
2023-05-15T13:32:59.523786Z,24,119,14.1,12228
2023-05-15T13:33:02.296238Z,43,113,21.8,933
2023-05-15T13:33:04.754410Z,6,122,1.0,15417
2023-05-15T13:33:05.339967Z,24,98,32.0,1523
2023-05-15T13:33:07.188654Z,43,156,25.3,5562
2023-05-15T13:33:08.084085Z,6,81,12.2,7297
2023-05-15T13:33:08.814395Z,24,88,3.9,15587
2023-05-15T13:33:10.475478Z,43,133,30.0,17587
2023-05-15T13:33:12.076518Z,24,157,28.3,23
2023-05-15T13:33:13.355095Z,6,140,31.5,8416
2023-05-15T13:33:14.175592Z,43,164,18.9,3158
2023-05-15T13:33:15.870067Z,44,153,6.9,7186
2023-05-15T13:33:17.656902Z,6,98,7.9,2693
2023-05-15T13:33:20.014865Z,43,131,9.9,3448
2023-05-15T13:33:21.139312Z,6,112,6.5,9866
2023-05-15T13:33:22.460876Z,44,139,23.4,17036
2023-05-15T13:33:24.253137Z,43,114,26.6,4315
2023-05-15T13:33:25.572997Z,6,127,23.1,18984
2023-05-15T13:33:27.914023Z,44,84,26.2,12616
2023-05-15T13:33:29.993724Z,43,105,34.3,469
2023-05-15T13:33:30.851110Z,44,84,29.2,7793
2023-05-15T13:33:31.755823Z,6,121,0.4,15754
2023-05-15T13:33:33.465435Z,43,124,6.6,18913
2023-05-15T13:33:34.979577Z,36,107,15.9,8611
2023-05-15T13:33:36.844276Z,6,95,26.1,16858
2023-05-15T13:33:39.653990Z,43,123,34.9,6105
2023-05-15T13:33:40.792201Z,36,142,27.0,14952
2023-05-15T13:33:42.950321Z,6,165,30.0,17008
2023-05-15T13:33:44.107479Z,43,126,14.9,832
2023-05-15T13:33:47.019363Z,36,96,3.3,14989
2023-05-15T13:33:49.594558Z,6,95,19.3,9689
2023-05-15T13:33:50.410306Z,43,124,10.7,14292
2023-05-15T13:33:52.293552Z,36,90,33.8,16538
2023-05-15T13:33:53.250083Z,6,145,6.8,7269
2023-05-15T13:33:55.689861Z,43,105,25.7,11597
2023-05-15T13:33:57.503798Z,36,99,19.7,17385
2023-05-15T13:33:59.316411Z,6,148,12.7,7550
2023-05-15T13:34:01.550648Z,43,147,5.8,5201
2023-05-15T13:34:02.300993Z,36,101,22.2,7414
2023-05-15T13:34:04.909090Z,6,99,18.9,19977
2023-05-15T13:34:06.469129Z,43,105,9.7,13135
2023-05-15T13:34:07.710370Z,6,146,34.0,15615
2023-05-15T13:34:09.380380Z,36,97,25.3,9830
2023-05-15T13:34:09.881264Z,43,112,24.8,10210
2023-05-15T13:34:10.903151Z,6,158,20.8,2189
2023-05-15T13:34:11.551207Z,36,132,4.9,15759
2023-05-15T13:34:14.107310Z,28,111,13.7,5224
2023-05-15T13:34:16.222522Z,6,130,20.7,8145
2023-05-15T13:34:18.808345Z,36,89,7.9,9051
2023-05-15T13:34:19.659446Z,28,131,4.3,19199
2023-05-15T13:34:22.520299Z,6,99,7.2,4666
2023-05-15T13:34:24.700894Z,36,121,0.4,3843
2023-05-15T13:34:26.502445Z,28,147,3.6,19609
2023-05-15T13:34:28.180218Z,44,164,15.3,4091
2023-05-15T13:34:30.033367Z,36,158,15.9,2306
2023-05-15T13:34:32.733934Z,28,123,30.6,1342
2023-05-15T13:34:34.187688Z,24,112,3.9,15287
2023-05-15T13:34:35.752464Z,36,101,30.7,15967
2023-05-15T13:34:38.148613Z,28,108,18.3,2902
2023-05-15T13:34:41.142626Z,24,157,33.6,11880
2023-05-15T13:34:42.245857Z,36,165,17.3,14171
2023-05-15T13:34:43.800042Z,28,161,3.7,9181
2023-05-15T13:34:46.405854Z,24,115,31.7,16640
2023-05-15T13:34:47.727928Z,36,165,29.3,11687
2023-05-15T13:34:48.435661Z,28,92,25.0,15910
2023-05-15T13:34:49.542522Z,24,143,7.7,14213
2023-05-15T13:34:51.706593Z,36,93,34.9,15986
2023-05-15T13:34:53.608270Z,28,152,13.2,17005
2023-05-15T13:34:56.284254Z,24,165,13.4,19715
2023-05-15T13:34:57.053748Z,36,162,33.4,18862
2023-05-15T13:34:57.791032Z,28,110,12.6,19785
2023-05-15T13:34:59.345605Z,24,130,25.1,1306
2023-05-15T13:35:00.713866Z,36,136,29.8,18787
2023-05-15T13:35:03.372394Z,28,84,32.9,14149
2023-05-15T13:35:05.545065Z,24,83,7.6,5922
2023-05-15T13:35:06.105426Z,36,122,3.5,13505
2023-05-15T13:35:08.610164Z,28,138,29.7,8307
2023-05-15T13:35:10.006636Z,24,167,12.0,8149
2023-05-15T13:35:11.198217Z,36,86,11.4,8623
2023-05-15T13:35:13.619745Z,28,100,7.3,17933
2023-05-15T13:35:15.740462Z,24,131,26.4,5637
2023-05-15T13:35:18.352262Z,36,91,11.7,17636
2023-05-15T13:35:20.701910Z,28,109,11.1,10021
2023-05-15T13:35:21.455155Z,24,91,22.4,10253
2023-05-15T13:35:23.509654Z,36,161,6.5,12540
2023-05-15T13:35:24.515027Z,28,170,17.0,11042
2023-05-15T13:35:27.029771Z,24,126,26.4,5522
2023-05-15T13:35:28.336670Z,36,94,6.6,10175
2023-05-15T13:35:31.108746Z,28,169,22.5,9706
2023-05-15T13:35:33.500672Z,36,148,6.2,2488
2023-05-15T13:35:34.497221Z,24,91,24.9,13259
2023-05-15T13:35:37.127743Z,28,98,25.1,17459
2023-05-15T13:35:38.512242Z,24,97,32.2,3395
2023-05-15T13:35:41.124766Z,36,117,21.5,2693
2023-05-15T13:35:42.434357Z,28,108,15.5,1336
2023-05-15T13:35:43.549116Z,24,99,23.4,8971
2023-05-15T13:35:44.115014Z,36,108,29.2,7175
2023-05-15T13:35:45.228393Z,28,108,15.4,7076
2023-05-15T13:35:46.091835Z,36,117,8.5,680
2023-05-15T13:35:48.735663Z,44,141,29.3,13583
2023-05-15T13:35:50.626469Z,28,152,6.7,6096
2023-05-15T13:35:53.246231Z,36,154,14.0,18856
2023-05-15T13:35:55.967741Z,44,129,26.1,11926
2023-05-15T13:35:58.476306Z,28,113,15.1,11944
2023-05-15T13:36:01.226438Z,44,110,11.2,11700
2023-05-15T13:36:01.919039Z,36,168,4.7,8090
2023-05-15T13:36:04.407932Z,28,154,4.5,16628
2023-05-15T13:36:06.678817Z,36,148,11.0,19794
2023-05-15T13:36:07.748378Z,44,124,25.1,18155
2023-05-15T13:36:10.301072Z,28,108,16.3,18817
2023-05-15T13:36:12.892606Z,44,138,21.7,16290
2023-05-15T13:36:14.870263Z,36,88,33.4,5614
2023-05-15T13:36:15.425551Z,28,137,19.6,1885
2023-05-15T13:36:18.165155Z,36,141,30.4,4845
2023-05-15T13:36:18.824597Z,44,125,2.3,9046
2023-05-15T13:36:20.748981Z,28,83,25.0,16082
2023-05-15T13:36:22.326056Z,36,97,34.5,7051
2023-05-15T13:36:24.480558Z,44,119,18.8,9983
2023-05-15T13:36:25.806891Z,28,152,27.9,16644
2023-05-15T13:36:28.672560Z,44,98,26.8,19230
2023-05-15T13:36:29.958706Z,36,80,34.0,1735
2023-05-15T13:36:32.238990Z,28,125,20.6,2326
2023-05-15T13:36:34.273616Z,44,147,14.5,5282
2023-05-15T13:36:36.605007Z,36,111,34.3,5876
2023-05-15T13:36:39.194356Z,28,83,22.7,16219
2023-05-15T13:36:41.516024Z,44,122,3.1,13223
2023-05-15T13:36:43.451031Z,36,167,13.6,13355
2023-05-15T13:36:44.904258Z,28,140,4.8,11249
2023-05-15T13:36:45.861732Z,44,119,12.4,14102
2023-05-15T13:36:48.559393Z,36,143,3.2,8536
2023-05-15T13:36:50.062962Z,28,109,12.3,2672
2023-05-15T13:36:51.412262Z,44,92,18.3,668
2023-05-15T13:36:54.110515Z,36,87,34.4,1938
2023-05-15T13:36:56.317290Z,28,92,5.9,17338
2023-05-15T13:36:56.848736Z,44,121,13.5,906
2023-05-15T13:36:59.348831Z,36,152,19.7,2273
2023-05-15T13:37:02.238110Z,28,104,22.3,16325
2023-05-15T13:37:03.192577Z,44,107,34.2,3177
2023-05-15T13:37:05.872820Z,36,99,21.0,18808
2023-05-15T13:37:06.815141Z,28,136,24.7,5816
2023-05-15T13:37:08.583463Z,44,136,1.1,1270
2023-05-15T13:37:11.421696Z,36,95,28.3,10212
2023-05-15T13:37:14.259277Z,28,93,12.2,5911
2023-05-15T13:37:16.234543Z,36,101,31.5,16307
2023-05-15T13:37:17.217442Z,44,99,34.9,11055
2023-05-15T13:37:20.061988Z,28,164,19.2,12741
2023-05-15T13:37:22.522145Z,36,94,23.4,2145
2023-05-15T13:37:23.868005Z,44,126,4.9,16081
2023-05-15T13:37:24.838855Z,28,131,1.5,1920
2023-05-15T13:37:27.630381Z,36,141,28.4,19370
2023-05-15T13:37:28.377332Z,44,146,3.2,10503
2023-05-15T13:37:31.157000Z,28,152,20.1,17430
2023-05-15T13:37:32.961182Z,36,149,22.5,9258
2023-05-15T13:37:34.261973Z,44,137,26.7,9599
2023-05-15T13:37:37.122591Z,43,134,14.1,12355
2023-05-15T13:37:37.828563Z,36,83,17.2,10535
2023-05-15T13:37:39.731695Z,44,158,13.6,16305
2023-05-15T13:37:42.712413Z,43,116,27.0,1806
2023-05-15T13:37:44.531288Z,36,85,6.6,2922
2023-05-15T13:37:45.799088Z,44,155,26.2,18719
2023-05-15T13:37:47.656056Z,43,162,11.0,1571
2023-05-15T13:37:49.491786Z,36,86,33.8,12612
2023-05-15T13:37:50.462384Z,44,148,1.8,14214
2023-05-15T13:37:52.808734Z,43,147,29.7,16670
2023-05-15T13:37:54.235794Z,36,169,1.6,7028
2023-05-15T13:37:54.982421Z,44,103,31.2,10495
2023-05-15T13:37:55.664830Z,43,106,17.3,18715
2023-05-15T13:37:57.765883Z,36,81,1.6,12500
2023-05-15T13:37:58.780958Z,44,168,4.1,9517
2023-05-15T13:37:59.292805Z,43,110,23.1,10838
2023-05-15T13:38:02.253810Z,44,129,28.9,12182
2023-05-15T13:38:05.047769Z,36,131,1.6,4642
2023-05-15T13:38:07.044648Z,43,159,23.4,13855
2023-05-15T13:38:09.245637Z,44,170,30.2,10149
2023-05-15T13:38:10.257828Z,36,163,25.8,8933
2023-05-15T13:38:11.780837Z,43,81,14.6,13554
2023-05-15T13:38:13.223666Z,44,104,28.6,15997
2023-05-15T13:38:14.357230Z,36,81,21.9,12958
2023-05-15T13:38:14.961728Z,43,137,4.5,7306
2023-05-15T13:38:15.638039Z,44,94,4.0,16008
2023-05-15T13:38:16.304290Z,36,148,11.5,8404
2023-05-15T13:38:19.192583Z,43,168,13.9,17572
2023-05-15T13:38:20.408680Z,36,152,9.2,3912
2023-05-15T13:38:21.895946Z,44,105,33.3,18178
2023-05-15T13:38:24.512082Z,43,105,4.4,1169
2023-05-15T13:38:26.184474Z,36,93,3.9,1246
2023-05-15T13:38:28.767211Z,44,103,2.9,2208
2023-05-15T13:38:29.871591Z,43,158,13.0,4677
2023-05-15T13:38:31.476651Z,36,85,23.2,16502
2023-05-15T13:38:33.893626Z,44,104,26.9,10417
2023-05-15T13:38:34.503021Z,43,81,33.2,11185
2023-05-15T13:38:37.151740Z,36,112,32.3,11472
2023-05-15T13:38:38.806829Z,44,162,2.0,12452
2023-05-15T13:38:39.689573Z,43,117,17.7,7380
2023-05-15T13:38:40.649481Z,44,104,11.8,14380
2023-05-15T13:38:41.212755Z,36,136,2.4,8053
2023-05-15T13:38:43.216905Z,43,116,19.5,4697
2023-05-15T13:38:45.084713Z,44,120,2.0,2134
2023-05-15T13:38:46.609523Z,36,148,0.6,5567
2023-05-15T13:38:48.919721Z,43,121,13.0,4701
2023-05-15T13:38:51.673520Z,44,167,8.2,12491
2023-05-15T13:38:52.182072Z,36,87,28.5,18577
2023-05-15T13:38:52.981177Z,43,108,26.7,1153
2023-05-15T13:38:54.890274Z,36,89,0.7,15611
2023-05-15T13:38:57.733301Z,44,162,13.5,12673
2023-05-15T13:38:59.357479Z,43,110,23.9,8193
2023-05-15T13:39:00.720345Z,36,161,15.9,5018
2023-05-15T13:39:02.355903Z,44,126,7.8,9399
2023-05-15T13:39:04.448636Z,43,102,33.7,12728
2023-05-15T13:39:07.446487Z,36,100,12.9,686
2023-05-15T13:39:09.025828Z,44,118,5.0,15071
2023-05-15T13:39:10.551757Z,43,149,29.8,13180
2023-05-15T13:39:11.364318Z,44,160,12.4,13297
2023-05-15T13:39:12.917170Z,36,133,16.1,14821
2023-05-15T13:39:14.526902Z,43,129,16.2,11069
2023-05-15T13:39:15.841929Z,36,131,4.7,17364
2023-05-15T13:39:16.856717Z,44,107,24.9,18624
2023-05-15T13:39:17.843222Z,43,164,27.4,11908
2023-05-15T13:39:20.594108Z,44,150,30.2,13376
2023-05-15T13:39:22.031150Z,36,119,7.5,4631
2023-05-15T13:39:23.706731Z,43,149,22.8,9840
2023-05-15T13:39:26.468421Z,44,159,14.4,6534
2023-05-15T13:39:27.511366Z,36,150,31.1,12592
2023-05-15T13:39:30.354171Z,43,135,6.3,14515
2023-05-15T13:39:30.913759Z,44,106,13.5,5647
2023-05-15T13:39:32.097059Z,36,167,19.7,5107
2023-05-15T13:39:34.200154Z,43,153,27.4,6481
2023-05-15T13:39:35.076862Z,44,120,16.4,4278
2023-05-15T13:39:37.483413Z,36,142,11.1,17386
2023-05-15T13:39:39.821707Z,43,84,23.7,2141
2023-05-15T13:39:40.536082Z,44,81,32.2,1728
2023-05-15T13:39:41.864854Z,36,91,11.0,11688
2023-05-15T13:39:42.872372Z,43,99,33.5,10078
2023-05-15T13:39:45.474068Z,44,126,21.8,10338
2023-05-15T13:39:47.432689Z,36,137,16.6,5741
2023-05-15T13:39:48.657042Z,43,92,28.1,5236
2023-05-15T13:39:51.409085Z,44,99,5.7,3881
2023-05-15T13:39:53.239848Z,36,159,14.3,18404
2023-05-15T13:39:55.120651Z,43,140,24.5,9215
2023-05-15T13:39:57.345560Z,44,111,34.2,4805
2023-05-15T13:40:00.118522Z,36,92,26.4,4443
2023-05-15T13:40:02.819102Z,43,140,13.3,5585
2023-05-15T13:40:05.236947Z,36,155,24.1,11874
2023-05-15T13:40:08.064302Z,44,154,20.0,14658
2023-05-15T13:40:10.799272Z,43,142,33.1,18572
2023-05-15T13:40:12.158844Z,36,123,34.6,12123
2023-05-15T13:40:12.831069Z,44,97,21.8,12898
2023-05-15T13:40:15.622979Z,43,94,34.8,6459
2023-05-15T13:40:18.526917Z,36,121,10.2,2722
2023-05-15T13:40:19.913697Z,44,143,0.6,19343
2023-05-15T13:40:21.458044Z,43,101,12.8,8280
2023-05-15T13:40:22.438102Z,36,115,34.4,768
2023-05-15T13:40:24.162125Z,44,101,1.8,7825
2023-05-15T13:40:26.413412Z,43,113,15.7,14186
2023-05-15T13:40:27.757207Z,45,114,26.2,15010
2023-05-15T13:40:29.905733Z,44,122,19.3,4281
2023-05-15T13:40:32.585833Z,43,159,0.4,18797
2023-05-15T13:40:33.133863Z,44,128,7.0,15404
2023-05-15T13:40:34.583905Z,45,84,24.3,8856
2023-05-15T13:40:36.826045Z,43,122,12.8,16796
2023-05-15T13:40:39.460112Z,44,134,14.3,11210
2023-05-15T13:40:40.290962Z,45,124,25.2,18100
2023-05-15T13:40:41.273221Z,24,116,9.3,14741
2023-05-15T13:40:44.070161Z,44,90,28.2,10440
2023-05-15T13:40:46.723859Z,45,94,0.8,4211
2023-05-15T13:40:49.239426Z,24,93,8.5,5803
2023-05-15T13:40:50.672897Z,44,99,20.0,7764
2023-05-15T13:40:53.120089Z,45,89,0.3,440
2023-05-15T13:40:55.461348Z,24,123,30.5,2306
2023-05-15T13:40:56.351957Z,44,160,33.8,15098
2023-05-15T13:40:58.429464Z,45,122,27.5,3467
2023-05-15T13:41:00.460877Z,24,87,24.6,6537
2023-05-15T13:41:03.255882Z,44,90,6.5,3001
2023-05-15T13:41:03.765485Z,45,167,8.2,1638
2023-05-15T13:41:06.057933Z,24,129,11.2,17345
2023-05-15T13:41:07.039529Z,44,105,24.8,16230
2023-05-15T13:41:09.053174Z,45,103,16.4,19392
2023-05-15T13:41:11.715695Z,24,87,15.5,16632
2023-05-15T13:41:12.231478Z,44,102,34.1,8626
2023-05-15T13:41:13.091210Z,45,149,20.1,6204
2023-05-15T13:41:15.341128Z,24,169,26.7,6166
2023-05-15T13:41:16.308748Z,44,121,26.5,7461
2023-05-15T13:41:17.214807Z,45,161,29.3,9722
2023-05-15T13:41:19.218692Z,24,144,22.4,7151
2023-05-15T13:41:20.785000Z,44,124,25.7,17385
2023-05-15T13:41:21.302458Z,45,167,8.8,5284
2023-05-15T13:41:21.964091Z,24,88,17.3,1979
2023-05-15T13:41:24.013704Z,44,135,2.8,14612
2023-05-15T13:41:24.543701Z,45,166,3.1,19272
2023-05-15T13:41:26.972166Z,24,126,24.4,19841
2023-05-15T13:41:29.167655Z,44,88,19.9,10455
2023-05-15T13:41:30.794622Z,45,141,13.0,9838
2023-05-15T13:41:33.203153Z,24,120,19.1,6235
2023-05-15T13:41:34.273432Z,44,101,1.5,11563
2023-05-15T13:41:35.797763Z,45,139,11.4,13213
2023-05-15T13:41:37.456823Z,24,139,15.8,4655
2023-05-15T13:41:39.801471Z,6,129,14.7,802
2023-05-15T13:41:42.484875Z,8,120,13.4,4895
2023-05-15T13:41:43.983421Z,20,81,15.2,5661
2023-05-15T13:41:44.861018Z,6,103,7.6,537
2023-05-15T13:41:46.339247Z,8,99,9.5,6480
2023-05-15T13:41:46.893449Z,20,130,5.5,18000
2023-05-15T13:41:48.087623Z,6,104,17.0,16355
2023-05-15T13:41:49.669764Z,8,100,17.1,1958
2023-05-15T13:41:51.053188Z,20,93,2.3,10593
2023-05-15T13:41:53.318248Z,8,157,10.1,7705
2023-05-15T13:41:55.115155Z,6,143,28.1,13642
2023-05-15T13:41:56.841422Z,20,119,22.1,11094
2023-05-15T13:41:58.917570Z,6,167,21.6,3992
2023-05-15T13:42:00.915360Z,8,147,9.9,12234
2023-05-15T13:42:03.433171Z,20,96,12.9,15516
2023-05-15T13:42:04.090983Z,6,137,13.0,8064
2023-05-15T13:42:05.114623Z,8,121,24.1,10241
2023-05-15T13:42:07.199302Z,20,140,27.5,18186
2023-05-15T13:42:08.551195Z,6,122,24.4,4165
2023-05-15T13:42:11.464880Z,8,160,20.0,7501
2023-05-15T13:42:13.735142Z,20,158,8.3,8162
2023-05-15T13:42:15.456612Z,6,140,31.2,10271
2023-05-15T13:42:17.234013Z,8,92,13.4,4861
2023-05-15T13:42:19.293030Z,20,90,18.5,15161
2023-05-15T13:42:21.299529Z,8,114,2.3,12765
2023-05-15T13:42:23.743112Z,6,115,24.9,11920
2023-05-15T13:42:26.362544Z,20,87,16.6,7318
2023-05-15T13:42:28.445219Z,2,121,12.5,15812
2023-05-15T13:42:30.349914Z,6,114,33.5,15882
2023-05-15T13:42:33.313125Z,20,157,30.9,6555
2023-05-15T13:42:35.873466Z,2,162,6.6,19581
2023-05-15T13:42:37.886170Z,6,117,25.7,6387
2023-05-15T13:42:39.694925Z,20,144,9.9,12321
2023-05-15T13:42:41.252403Z,2,81,10.4,6692
2023-05-15T13:42:42.112552Z,6,83,1.0,13809
2023-05-15T13:42:42.809326Z,20,139,27.2,4837
2023-05-15T13:42:44.426039Z,6,128,19.4,19459
2023-05-15T13:42:46.036387Z,2,120,3.8,8963
2023-05-15T13:42:47.676245Z,20,105,24.7,14854
2023-05-15T13:42:48.888152Z,6,155,4.5,555
2023-05-15T13:42:49.697939Z,2,121,19.3,12085
2023-05-15T13:42:50.552321Z,20,128,19.3,14229
2023-05-15T13:42:52.668142Z,2,130,6.2,1131
2023-05-15T13:42:54.777194Z,6,121,19.8,18629
2023-05-15T13:42:55.375648Z,20,145,2.0,4321
2023-05-15T13:42:57.117340Z,2,88,4.9,3350
2023-05-15T13:42:58.924291Z,6,110,3.2,11806
2023-05-15T13:43:01.855090Z,20,123,2.8,11258
2023-05-15T13:43:04.232217Z,6,143,14.0,2036
2023-05-15T13:43:06.043915Z,2,162,27.6,5078
2023-05-15T13:43:07.914159Z,20,91,28.5,14696
2023-05-15T13:43:08.811810Z,6,113,8.0,1851
2023-05-15T13:43:10.923706Z,2,151,0.8,7389
2023-05-15T13:43:12.620439Z,20,85,7.7,7623
2023-05-15T13:43:15.495354Z,6,97,17.5,10582
2023-05-15T13:43:16.964167Z,2,161,23.5,630
2023-05-15T13:43:18.739784Z,20,117,17.2,13596
2023-05-15T13:43:20.614862Z,6,85,7.0,1179
2023-05-15T13:43:21.636954Z,2,154,17.2,11448
2023-05-15T13:43:23.891515Z,20,154,30.9,16683
