delivery_id,match_id,innings,over,ball,batter_id,bowler_id,non_striker_id,runs_off_bat,extras,wicket_type,dismissed_batter_id
1,1,1,0,1,30,24,29,0,0,,
2,1,1,0,2,7,24,29,4,0,run out,30
3,1,1,0,3,7,24,29,4,0,,
4,1,1,0,4,29,24,7,1,0,,
5,1,1,0,5,7,24,29,1,0,,
6,1,1,0,6,7,24,29,0,0,,
7,1,1,1,1,7,24,29,0,0,,
8,1,1,1,2,7,24,29,0,1,,
9,1,1,1,3,7,24,29,0,0,,
10,1,1,1,4,7,24,29,0,0,,
11,1,1,1,5,7,24,29,0,1,,
12,1,1,1,6,29,24,7,1,0,,
13,1,1,2,1,7,24,29,1,0,,
14,1,1,2,2,7,24,29,0,0,,
15,1,1,2,3,7,24,29,0,0,,
16,1,1,2,4,7,24,29,0,1,,
17,1,1,2,5,7,24,29,0,0,,
18,1,1,2,6,7,24,29,0,0,,
19,1,1,3,1,7,24,29,0,0,,
20,1,1,3,2,7,24,29,0,0,,
21,1,1,3,3,29,24,7,1,0,,
22,1,1,3,4,7,24,29,3,0,,
23,1,1,3,5,29,24,7,1,1,,
24,1,1,3,6,29,24,7,4,0,,
25,1,1,4,1,29,24,7,2,0,,
26,1,1,4,2,29,24,7,0,0,,
27,1,1,4,3,29,24,7,4,0,,
28,1,1,4,4,29,24,7,4,0,,
29,1,1,4,5,29,24,7,4,0,,
30,1,1,4,6,29,24,7,0,2,,
31,1,1,5,1,29,24,7,0,0,,
32,1,1,5,2,29,24,7,0,1,,
33,1,1,5,3,29,24,7,0,0,,
34,1,1,5,4,7,24,18,1,0,lbw,29
35,1,1,5,5,7,24,18,4,0,,
36,1,1,5,6,7,24,18,0,0,,
37,1,1,6,1,7,28,18,0,0,,
38,1,1,6,2,7,28,18,4,2,,
39,1,1,6,3,7,28,18,4,0,,
40,1,1,6,4,7,28,18,0,1,,
41,1,1,6,5,7,28,18,4,0,,
42,1,1,6,6,7,28,18,2,0,,
43,1,1,7,1,7,28,18,4,0,,
44,1,1,7,2,7,28,18,0,0,,
45,1,1,7,3,7,28,18,0,0,,
46,1,1,7,4,7,28,18,0,0,,
47,1,1,7,5,7,28,18,0,0,,
48,1,1,7,6,7,28,18,6,0,,
49,1,1,8,1,7,28,18,0,2,,
50,1,1,8,2,7,28,18,6,0,,
51,1,1,8,3,7,28,18,0,0,,
52,1,1,8,4,18,28,7,1,0,,
53,1,1,8,5,7,28,18,1,0,,
54,1,1,8,6,7,28,18,0,1,,
55,1,1,9,1,7,28,18,2,0,,
56,1,1,9,2,7,28,18,0,0,,
57,1,1,9,3,7,28,18,0,0,,
58,1,1,9,4,7,28,18,2,0,,
59,1,1,9,5,7,28,18,0,0,,
60,1,1,9,6,7,28,18,0,0,,
61,1,1,10,1,18,28,7,1,1,,
62,1,1,10,2,29,28,7,0,0,lbw,18
63,1,1,10,3,29,28,7,0,0,,
64,1,1,10,4,29,28,7,0,0,,
65,1,1,10,5,29,28,7,0,1,,
66,1,1,10,6,29,28,7,0,0,,
67,1,1,11,1,7,28,29,1,0,,
68,1,1,11,2,7,28,29,2,0,,
69,1,1,11,3,7,28,29,0,0,,
70,1,1,11,4,7,28,29,0,0,,
71,1,1,11,5,7,28,29,0,0,,
72,1,1,11,6,29,28,7,1,0,,
73,1,1,12,1,7,22,29,1,0,,
74,1,1,12,2,7,22,29,2,0,,
75,1,1,12,3,29,22,7,1,0,,
76,1,1,12,4,29,22,7,4,0,,
77,1,1,12,5,29,22,7,0,0,,
78,1,1,12,6,29,22,7,0,0,,
79,1,1,13,1,29,22,7,4,0,,
80,1,1,13,2,29,22,7,4,0,,
81,1,1,13,3,29,22,7,4,0,,
82,1,1,13,4,29,22,7,4,0,,
83,1,1,13,5,29,22,7,0,0,,
84,1,1,13,6,29,22,7,2,0,,
85,1,1,14,1,29,22,7,4,0,,
86,1,1,14,2,29,22,7,0,0,,
87,1,1,14,3,29,22,7,0,0,,
88,1,1,14,4,29,22,7,0,0,,
89,1,1,14,5,29,22,7,2,1,,
90,1,1,14,6,7,22,29,1,0,,
91,1,1,15,1,7,22,29,0,0,,
92,1,1,15,2,7,22,29,4,0,,
93,1,1,15,3,29,22,7,3,0,,
94,1,1,15,4,29,22,7,0,0,,
95,1,1,15,5,7,22,29,1,0,,
96,1,1,15,6,7,22,29,4,1,,
97,1,1,16,1,29,22,7,1,1,,
98,1,1,16,2,7,22,29,1,0,,
99,1,1,16,3,7,22,29,4,0,,
100,1,1,16,4,7,22,29,0,0,,
101,1,1,16,5,7,22,29,4,0,,
102,1,1,16,6,7,22,29,0,0,,
103,1,1,17,1,7,22,29,2,0,,
104,1,1,17,2,7,22,29,0,0,,
105,1,1,17,3,7,22,29,0,0,,
106,1,1,17,4,7,22,29,4,0,,
107,1,1,17,5,7,22,29,0,0,,
108,1,1,17,6,7,22,29,0,0,,
109,1,1,18,1,29,28,7,1,1,,
110,1,1,18,2,42,28,7,6,0,lbw,29
111,1,1,18,3,42,28,7,0,0,,
112,1,1,18,4,7,28,42,1,0,,
113,1,1,18,5,7,28,42,2,0,,
114,1,1,18,6,7,28,42,0,2,,
115,1,1,19,1,7,28,42,0,0,,
116,1,1,19,2,7,28,42,0,0,,
117,1,1,19,3,7,28,42,4,0,,
118,1,1,19,4,42,28,7,1,0,,
119,1,1,19,5,42,28,7,0,0,,
120,1,1,19,6,42,28,7,0,0,,
121,1,2,0,1,39,7,41,4,0,,
122,1,2,0,2,39,7,41,0,1,,
123,1,2,0,3,39,7,41,0,0,,
124,1,2,0,4,41,7,39,1,0,,
125,1,2,0,5,41,7,39,0,0,,
126,1,2,0,6,41,7,39,0,0,,
127,1,2,1,1,41,7,39,4,0,,
128,1,2,1,2,41,7,39,0,0,,
129,1,2,1,3,39,7,41,1,0,,
130,1,2,1,4,24,7,41,2,0,lbw,39
131,1,2,1,5,24,7,41,0,0,,
132,1,2,1,6,24,7,41,0,0,,
133,1,2,2,1,24,7,41,6,0,,
134,1,2,2,2,24,7,41,0,0,,
135,1,2,2,3,24,7,41,2,0,,
136,1,2,2,4,41,7,24,5,0,,
137,1,2,2,5,41,7,24,2,0,,
138,1,2,2,6,41,7,24,2,0,,
139,1,2,3,1,41,7,24,4,0,,
140,1,2,3,2,41,7,24,0,0,,
141,1,2,3,3,41,7,24,0,0,,
142,1,2,3,4,41,7,24,4,0,,
143,1,2,3,5,41,7,24,0,0,,
144,1,2,3,6,41,7,24,0,0,,
145,1,2,4,1,41,7,24,0,0,,
146,1,2,4,2,41,7,24,0,0,,
147,1,2,4,3,24,7,41,1,0,,
148,1,2,4,4,41,7,24,5,0,,
149,1,2,4,5,24,7,41,1,0,,
150,1,2,4,6,41,7,24,1,0,,
151,1,2,5,1,41,7,24,4,0,,
152,1,2,5,2,41,7,24,0,0,,
153,1,2,5,3,41,7,24,6,0,,
154,1,2,5,4,24,7,41,1,0,,
155,1,2,5,5,24,7,41,0,0,,
156,1,2,5,6,24,7,41,0,0,,
157,1,2,6,1,24,35,41,0,0,,
158,1,2,6,2,24,35,41,0,0,,
159,1,2,6,3,24,35,41,2,0,,
160,1,2,6,4,24,35,41,0,0,,
161,1,2,6,5,24,35,41,0,0,,
162,1,2,6,6,24,35,41,0,0,,
163,1,2,7,1,24,35,41,4,1,,
164,1,2,7,2,24,35,41,0,0,,
165,1,2,7,3,24,35,41,0,0,,
166,1,2,7,4,41,35,24,1,0,,
167,1,2,7,5,24,35,41,1,0,,
168,1,2,7,6,41,35,24,1,0,,
169,1,2,8,1,41,35,24,0,0,,
170,1,2,8,2,24,35,41,1,0,,
171,1,2,8,3,24,35,41,0,0,,
172,1,2,8,4,24,35,41,6,0,,
173,1,2,8,5,24,35,41,6,0,,
174,1,2,8,6,24,35,41,0,0,,
175,1,2,9,1,24,35,41,0,0,,
176,1,2,9,2,39,35,41,0,0,bowled,24
177,1,2,9,3,39,35,41,0,0,,
178,1,2,9,4,39,35,41,4,0,,
179,1,2,9,5,41,35,39,1,0,,
180,1,2,9,6,41,35,39,0,0,,
181,1,2,10,1,41,35,39,2,0,,
182,1,2,10,2,41,35,39,4,0,,
183,1,2,10,3,41,35,39,0,2,,
184,1,2,10,4,41,35,39,0,0,,
185,1,2,10,5,39,35,41,1,0,,
186,1,2,10,6,39,35,41,4,0,,
187,1,2,11,1,39,35,41,4,0,,
188,1,2,11,2,39,35,41,0,0,,
189,1,2,11,3,39,35,41,6,0,,
190,1,2,11,4,39,35,41,0,1,,
191,1,2,11,5,39,35,41,4,0,,
192,1,2,11,6,39,35,41,2,0,,
193,1,2,12,1,39,29,41,0,0,,
194,1,2,12,2,39,29,41,4,0,,
195,1,2,12,3,39,29,41,4,0,,
196,1,2,12,4,39,29,41,0,0,,
197,1,2,12,5,39,29,41,4,0,,
198,1,2,12,6,39,29,41,0,0,,
199,1,2,13,1,39,29,41,0,0,,
200,1,2,13,2,39,29,41,4,0,,
201,1,2,13,3,39,29,41,2,0,,
202,1,2,13,4,39,29,41,6,0,,
203,1,2,13,5,39,29,41,0,0,,
204,1,2,13,6,43,29,41,0,1,caught,39
205,1,2,14,1,43,29,41,4,1,,
206,1,2,14,2,43,29,41,2,0,,
207,1,2,14,3,43,29,41,0,0,,
208,1,2,14,4,41,29,43,1,0,,
209,1,2,14,5,43,29,41,1,0,,
210,1,2,14,6,41,29,43,1,0,,
211,1,2,15,1,43,29,41,1,0,,
212,1,2,15,2,43,29,41,0,2,,
213,1,2,15,3,41,29,43,1,0,,
214,1,2,15,4,41,29,43,0,0,,
215,1,2,15,5,41,29,43,0,0,,
216,1,2,15,6,41,29,43,0,0,,
217,1,2,16,1,41,29,43,0,0,,
218,1,2,16,2,41,29,43,0,0,,
219,1,2,16,3,43,29,41,1,0,,
220,1,2,16,4,43,29,41,0,0,,
221,1,2,16,5,43,29,41,0,0,,
222,1,2,16,6,43,29,41,0,1,,
223,1,2,17,1,43,29,41,0,1,,
224,1,2,17,2,43,29,41,0,0,,
225,1,2,17,3,43,29,41,4,0,,
226,1,2,17,4,43,29,41,0,0,,
227,1,2,17,5,43,29,41,0,0,,
228,1,2,17,6,43,29,41,0,0,,
229,1,2,18,1,43,36,41,6,1,,
230,1,2,18,2,43,36,41,2,0,,
231,1,2,18,3,43,36,41,0,0,,
232,1,2,18,4,43,36,41,2,0,,
233,1,2,18,5,43,36,41,0,0,,
234,1,2,18,6,24,36,41,0,0,lbw,43
235,1,2,19,1,24,36,41,0,0,,
236,1,2,19,2,24,36,41,0,0,,
237,1,2,19,3,24,36,41,6,0,,
238,1,2,19,4,24,36,41,4,0,,
239,1,2,19,5,24,36,41,0,0,,
240,1,2,19,6,24,36,41,0,0,,
241,2,1,0,1,28,49,43,0,0,,
242,2,1,0,2,43,49,28,1,0,,
243,2,1,0,3,39,49,28,0,0,stumped,43
244,2,1,0,4,39,49,28,4,0,,
245,2,1,0,5,39,49,28,4,1,,
246,2,1,0,6,39,49,28,0,0,,
247,2,1,1,1,39,49,28,0,0,,
248,2,1,1,2,39,49,28,4,0,,
249,2,1,1,3,28,49,39,1,0,,
250,2,1,1,4,28,49,39,0,0,,
251,2,1,1,5,28,49,39,0,0,,
252,2,1,1,6,24,49,39,0,1,lbw,28
253,2,1,2,1,24,49,39,0,1,,
254,2,1,2,2,24,49,39,0,0,,
255,2,1,2,3,24,49,39,6,0,,
256,2,1,2,4,24,49,39,0,0,,
257,2,1,2,5,24,49,39,0,0,,
258,2,1,2,6,39,49,24,1,0,,
259,2,1,3,1,39,49,24,0,0,,
260,2,1,3,2,39,49,24,0,0,,
261,2,1,3,3,39,49,24,0,0,,
262,2,1,3,4,39,49,24,0,1,,
263,2,1,3,5,39,49,24,6,2,,
264,2,1,3,6,24,49,39,3,0,,
265,2,1,4,1,24,49,39,0,0,,
266,2,1,4,2,39,49,24,1,0,,
267,2,1,4,3,39,49,24,0,0,,
268,2,1,4,4,39,49,24,0,0,,
269,2,1,4,5,24,49,39,1,0,,
270,2,1,4,6,39,49,24,1,0,,
271,2,1,5,1,24,49,39,1,0,,
272,2,1,5,2,24,49,39,0,2,,
273,2,1,5,3,24,49,39,0,0,,
274,2,1,5,4,24,49,39,0,0,,
275,2,1,5,5,24,49,39,0,0,,
276,2,1,5,6,39,49,24,1,0,,
277,2,1,6,1,24,24,39,1,0,,
278,2,1,6,2,24,24,39,0,0,,
279,2,1,6,3,39,24,24,1,0,,
280,2,1,6,4,39,24,24,0,0,,
281,2,1,6,5,39,24,24,0,0,,
282,2,1,6,6,39,24,24,0,0,,
283,2,1,7,1,39,24,24,0,0,,
284,2,1,7,2,39,24,24,0,0,,
285,2,1,7,3,39,24,24,0,0,,
286,2,1,7,4,24,24,39,1,0,,
287,2,1,7,5,24,24,39,0,0,,
288,2,1,7,6,39,24,24,1,0,,
289,2,1,8,1,39,24,24,2,1,,
290,2,1,8,2,39,24,24,0,0,,
291,2,1,8,3,24,24,39,1,0,,
292,2,1,8,4,24,24,39,4,0,,
293,2,1,8,5,39,24,24,1,0,,
294,2,1,8,6,39,24,24,6,0,,
295,2,1,9,1,24,24,39,1,0,,
296,2,1,9,2,24,24,39,4,0,,
297,2,1,9,3,39,24,24,1,0,,
298,2,1,9,4,39,24,24,0,0,,
299,2,1,9,5,39,24,24,0,0,,
300,2,1,9,6,39,24,24,0,0,,
301,2,1,10,1,39,24,24,0,0,,
302,2,1,10,2,39,24,24,2,0,,
303,2,1,10,3,39,24,24,0,0,,
304,2,1,10,4,24,24,39,1,0,,
305,2,1,10,5,39,24,24,1,0,,
306,2,1,10,6,39,24,24,0,0,,
307,2,1,11,1,39,24,24,0,0,,
308,2,1,11,2,50,24,24,0,0,run out,39
309,2,1,11,3,50,24,24,0,0,,
310,2,1,11,4,50,24,24,2,0,,
311,2,1,11,5,50,24,24,0,0,,
312,2,1,11,6,50,24,24,0,0,,
313,2,1,12,1,24,36,50,1,0,,
314,2,1,12,2,39,36,50,4,0,bowled,24
315,2,1,12,3,50,36,39,1,0,,
316,2,1,12,4,24,36,39,0,0,lbw,50
317,2,1,12,5,39,36,24,3,0,,
318,2,1,12,6,39,36,24,4,0,,
319,2,1,13,1,39,36,24,0,0,,
320,2,1,13,2,39,36,24,0,0,,
321,2,1,13,3,39,36,24,0,0,,
322,2,1,13,4,39,36,24,0,0,,
323,2,1,13,5,39,36,24,0,0,,
324,2,1,13,6,39,36,24,4,0,,
325,2,1,14,1,39,36,24,0,0,,
326,2,1,14,2,24,36,39,1,0,,
327,2,1,14,3,24,36,39,0,0,,
328,2,1,14,4,24,36,39,0,1,,
329,2,1,14,5,39,36,24,1,0,,
330,2,1,14,6,24,36,39,1,0,,
331,2,1,15,1,24,36,39,0,0,,
332,2,1,15,2,24,36,39,0,0,,
333,2,1,15,3,24,36,39,0,0,,
334,2,1,15,4,24,36,39,0,0,,
335,2,1,15,5,39,36,24,1,0,,
336,2,1,15,6,24,36,39,1,0,,
337,2,1,16,1,24,36,39,0,0,,
338,2,1,16,2,24,36,39,0,0,,
339,2,1,16,3,24,36,39,0,0,,
340,2,1,16,4,24,36,39,0,0,,
341,2,1,16,5,24,36,39,0,0,,
342,2,1,16,6,24,36,39,0,0,,
343,2,1,17,1,24,36,39,0,0,,
344,2,1,17,2,24,36,39,0,0,,
345,2,1,17,3,39,36,24,1,0,,
346,2,1,17,4,24,36,39,1,0,,
347,2,1,17,5,39,36,24,1,1,,
348,2,1,17,6,39,36,24,0,0,,
349,2,1,18,1,39,24,24,0,1,,
350,2,1,18,2,39,24,24,0,0,,
351,2,1,18,3,24,24,39,1,0,,
352,2,1,18,4,24,24,39,0,0,,
353,2,1,18,5,24,24,39,6,1,,
354,2,1,18,6,39,24,28,1,0,lbw,24
355,2,1,19,1,28,24,39,5,0,,
356,2,1,19,2,28,24,39,0,2,,
357,2,1,19,3,28,24,39,0,0,,
358,2,1,19,4,39,24,28,1,0,,
359,2,1,19,5,28,24,39,1,0,,
360,2,1,19,6,39,24,28,1,0,,
361,2,2,0,1,45,43,15,0,0,,
362,2,2,0,2,45,43,15,0,0,,
363,2,2,0,3,45,43,15,2,0,,
364,2,2,0,4,45,43,15,0,0,,
365,2,2,0,5,45,43,15,4,0,,
366,2,2,0,6,45,43,15,6,0,,
367,2,2,1,1,45,43,15,0,0,,
368,2,2,1,2,45,43,15,4,0,,
369,2,2,1,3,45,43,15,0,0,,
370,2,2,1,4,15,43,45,1,0,,
371,2,2,1,5,15,43,45,4,0,,
372,2,2,1,6,15,43,45,0,1,,
373,2,2,2,1,15,43,45,0,1,,
374,2,2,2,2,24,43,45,0,0,bowled,15
375,2,2,2,3,24,43,45,0,0,,
376,2,2,2,4,24,43,45,0,0,,
377,2,2,2,5,24,43,45,4,0,,
378,2,2,2,6,24,43,45,0,0,,
379,2,2,3,1,45,43,24,1,0,,
380,2,2,3,2,45,43,24,0,0,,
381,2,2,3,3,45,43,24,0,0,,
382,2,2,3,4,45,43,24,2,0,,
383,2,2,3,5,6,43,24,0,0,run out,45
384,2,2,3,6,6,43,24,0,0,,
385,2,2,4,1,24,43,6,1,0,,
386,2,2,4,2,44,43,6,2,0,lbw,24
387,2,2,4,3,6,43,44,1,0,,
388,2,2,4,4,6,43,44,0,0,,
389,2,2,4,5,44,43,6,1,0,,
390,2,2,4,6,36,43,6,0,0,run out,44
391,2,2,5,1,36,43,6,0,0,,
392,2,2,5,2,36,43,6,0,0,,
393,2,2,5,3,36,43,6,2,0,,
394,2,2,5,4,36,43,6,0,0,,
395,2,2,5,5,36,43,6,0,0,,
396,2,2,5,6,6,43,36,1,0,,
397,2,2,6,1,6,28,36,0,0,,
398,2,2,6,2,6,28,36,0,0,,
399,2,2,6,3,6,28,36,0,0,,
400,2,2,6,4,44,28,36,4,0,hit wicket,6
401,2,2,6,5,24,28,36,0,0,hit wicket,44
402,2,2,6,6,24,28,36,0,0,,
403,2,2,7,1,24,28,36,0,0,,
404,2,2,7,2,24,28,36,0,0,,
405,2,2,7,3,24,28,36,0,0,,
406,2,2,7,4,24,28,36,0,0,,
407,2,2,7,5,24,28,36,6,0,,
408,2,2,7,6,24,28,36,0,0,,
409,2,2,8,1,24,28,36,0,0,,
410,2,2,8,2,24,28,36,0,0,,
411,2,2,8,3,24,28,36,4,0,,
412,2,2,8,4,36,28,24,1,0,,
413,2,2,8,5,24,28,36,1,0,,
414,2,2,8,6,24,28,36,2,0,,
415,2,2,9,1,36,28,44,1,0,bowled,24
416,2,2,9,2,36,28,44,2,0,,
417,2,2,9,3,44,28,36,1,0,,
418,2,2,9,4,36,28,44,5,0,,
419,2,2,9,5,44,28,36,1,0,,
420,2,2,9,6,36,28,44,1,0,,
421,2,2,10,1,36,28,44,2,0,,
422,2,2,10,2,44,28,36,1,0,,
423,2,2,10,3,44,28,36,0,2,,
424,2,2,10,4,44,28,36,4,0,,
425,2,2,10,5,44,28,36,4,0,,
426,2,2,10,6,44,28,36,0,0,,
427,2,2,11,1,44,28,36,4,0,,
428,2,2,11,2,44,28,36,0,0,,
429,2,2,11,3,44,28,36,4,0,,
430,2,2,11,4,36,28,44,1,0,,
431,2,2,11,5,36,28,44,0,0,,
432,2,2,11,6,36,28,44,2,0,,
433,2,2,12,1,36,43,44,0,0,,
434,2,2,12,2,36,43,44,4,0,,
435,2,2,12,3,36,43,44,2,0,,
436,2,2,12,4,36,43,44,0,0,,
437,2,2,12,5,36,43,44,0,0,,
438,2,2,12,6,36,43,44,0,0,,
439,2,2,13,1,44,43,36,1,0,,
440,2,2,13,2,44,43,36,0,0,,
441,2,2,13,3,44,43,36,4,0,,
442,2,2,13,4,44,43,36,0,1,,
443,2,2,13,5,36,43,44,5,0,,
444,2,2,13,6,36,43,44,0,0,,
445,2,2,14,1,36,43,44,0,0,,
446,2,2,14,2,36,43,44,0,0,,
447,2,2,14,3,44,43,36,1,0,,
448,2,2,14,4,44,43,36,4,0,,
449,2,2,14,5,44,43,36,0,0,,
450,2,2,14,6,36,43,44,5,0,,
451,2,2,15,1,36,43,44,0,0,,
452,2,2,15,2,36,43,44,0,0,,
453,2,2,15,3,44,43,36,1,0,,
454,2,2,15,4,36,43,44,3,0,,
455,2,2,15,5,44,43,36,1,0,,
456,2,2,15,6,44,43,36,0,0,,
457,2,2,16,1,44,43,36,4,0,,
458,2,2,16,2,44,43,36,0,0,,
459,2,2,16,3,44,43,36,0,0,,
460,2,2,16,4,44,43,36,0,0,,
461,2,2,16,5,44,43,36,0,1,,
462,2,2,16,6,44,43,36,0,1,,
463,2,2,17,1,36,43,44,3,1,,
464,2,2,17,2,36,43,44,0,0,,
465,2,2,17,3,36,43,44,0,0,,
466,2,2,17,4,36,43,44,0,0,,
467,2,2,17,5,45,43,44,0,0,lbw,36
468,2,2,17,6,44,43,45,1,0,,
469,2,2,18,1,44,24,45,0,0,,
470,2,2,18,2,44,24,45,4,0,,
471,2,2,18,3,44,24,45,0,0,,
472,2,2,18,4,44,24,45,0,0,,
473,2,2,18,5,44,24,45,0,0,,
474,2,2,18,6,44,24,45,6,0,,
475,2,2,19,1,44,24,45,6,0,,
476,2,2,19,2,44,24,45,0,1,,
477,2,2,19,3,44,24,45,0,0,,
478,2,2,19,4,44,24,45,0,0,,
479,2,2,19,5,44,24,45,0,0,,
480,2,2,19,6,44,24,45,0,0,,
481,3,1,0,1,6,20,8,2,0,,
482,3,1,0,2,6,20,8,4,0,,
483,3,1,0,3,6,20,8,0,0,,
484,3,1,0,4,8,20,6,1,2,,
485,3,1,0,5,6,20,8,3,0,,
486,3,1,0,6,6,20,8,0,0,,
487,3,1,1,1,6,20,8,2,0,,
488,3,1,1,2,6,20,8,2,0,,
489,3,1,1,3,8,20,6,1,0,,
490,3,1,1,4,2,20,6,0,0,hit wicket,8
491,3,1,1,5,2,20,6,0,0,,
492,3,1,1,6,2,20,6,0,0,,
493,3,1,2,1,6,20,2,1,0,,
494,3,1,2,2,6,20,2,2,0,,
495,3,1,2,3,2,20,6,1,2,,
496,3,1,2,4,2,20,6,0,1,,
497,3,1,2,5,6,20,2,1,0,,
498,3,1,2,6,6,20,2,4,0,,
499,3,1,3,1,6,20,2,0,0,,
500,3,1,3,2,6,20,2,0,0,,
501,3,1,3,3,6,20,2,6,0,,
502,3,1,3,4,2,20,6,1,0,,
503,3,1,3,5,6,20,2,1,1,,
504,3,1,3,6,6,20,2,0,0,,
505,3,1,4,1,6,20,2,4,0,,
506,3,1,4,2,3,20,2,2,0,hit wicket,6
507,3,1,4,3,3,20,2,0,0,,
508,3,1,4,4,3,20,2,0,0,,
509,3,1,4,5,3,20,2,4,0,,
510,3,1,4,6,2,20,3,1,0,,
511,3,1,5,1,3,20,2,1,0,,
512,3,1,5,2,3,20,2,0,0,,
513,3,1,5,3,5,20,2,0,0,stumped,3
514,3,1,5,4,5,20,2,0,1,,
515,3,1,5,5,5,20,2,0,0,,
516,3,1,5,6,5,20,2,0,0,,
517,3,1,6,1,5,11,2,0,0,,
518,3,1,6,2,5,11,2,4,0,,
519,3,1,6,3,5,11,2,0,1,,
520,3,1,6,4,5,11,2,0,0,,
521,3,1,6,5,5,11,2,6,1,,
522,3,1,6,6,5,11,2,0,0,,
523,3,1,7,1,5,11,2,6,0,,
524,3,1,7,2,2,11,5,1,0,,
525,3,1,7,3,2,11,5,4,0,,
526,3,1,7,4,2,11,5,0,0,,
527,3,1,7,5,2,11,5,0,0,,
528,3,1,7,6,2,11,5,2,0,,
529,3,1,8,1,2,11,5,0,0,,
530,3,1,8,2,2,11,5,4,0,,
531,3,1,8,3,5,11,2,1,0,,
532,3,1,8,4,5,11,2,0,0,,
533,3,1,8,5,5,11,2,0,0,,
534,3,1,8,6,8,11,2,0,0,hit wicket,5
535,3,1,9,1,2,11,8,1,0,,
536,3,1,9,2,2,11,8,0,0,,
537,3,1,9,3,2,11,8,4,0,,
538,3,1,9,4,2,11,8,0,1,,
539,3,1,9,5,8,11,2,1,0,,
540,3,1,9,6,8,11,2,0,0,,
541,3,1,10,1,8,11,2,0,0,,
542,3,1,10,2,2,11,8,1,0,,
543,3,1,10,3,2,11,8,0,0,,
544,3,1,10,4,2,11,8,0,0,,
545,3,1,10,5,2,11,8,0,0,,
546,3,1,10,6,8,11,2,1,0,,
547,3,1,11,1,8,11,2,0,0,,
548,3,1,11,2,8,11,2,0,0,,
549,3,1,11,3,8,11,2,0,0,,
550,3,1,11,4,8,11,2,0,0,,
551,3,1,11,5,8,11,2,0,0,,
552,3,1,11,6,8,11,2,2,0,,
553,3,1,12,1,35,14,2,2,0,lbw,8
554,3,1,12,2,2,14,35,1,0,,
555,3,1,12,3,2,14,35,6,0,,
556,3,1,12,4,2,14,35,0,0,,
557,3,1,12,5,2,14,35,2,1,,
558,3,1,12,6,2,14,35,4,0,,
559,3,1,13,1,2,14,35,0,0,,
560,3,1,13,2,2,14,35,4,0,,
561,3,1,13,3,2,14,35,0,2,,
562,3,1,13,4,2,14,35,0,2,,
563,3,1,13,5,2,14,35,2,2,,
564,3,1,13,6,2,14,35,2,0,,
565,3,1,14,1,2,14,35,0,0,,
566,3,1,14,2,2,14,35,0,0,,
567,3,1,14,3,2,14,35,0,0,,
568,3,1,14,4,2,14,35,4,0,,
569,3,1,14,5,2,14,35,0,0,,
570,3,1,14,6,35,14,2,1,0,,
571,3,1,15,1,35,14,2,0,0,,
572,3,1,15,2,35,14,2,2,0,,
573,3,1,15,3,35,14,2,6,0,,
574,3,1,15,4,2,14,35,1,0,,
575,3,1,15,5,2,14,35,4,0,,
576,3,1,15,6,2,14,35,6,0,,
577,3,1,16,1,2,14,35,0,0,,
578,3,1,16,2,2,14,35,2,0,,
579,3,1,16,3,35,14,2,1,0,,
580,3,1,16,4,2,14,35,1,0,,
581,3,1,16,5,35,14,2,1,0,,
582,3,1,16,6,35,14,2,0,0,,
583,3,1,17,1,35,14,2,0,0,,
584,3,1,17,2,35,14,2,0,0,,
585,3,1,17,3,35,14,2,0,0,,
586,3,1,17,4,35,14,2,0,0,,
587,3,1,17,5,35,14,2,0,0,,
588,3,1,17,6,35,14,2,4,0,,
589,3,1,18,1,2,32,35,1,0,,
590,3,1,18,2,2,32,35,2,0,,
591,3,1,18,3,2,32,35,4,0,,
592,3,1,18,4,2,32,35,0,1,,
593,3,1,18,5,2,32,35,0,2,,
594,3,1,18,6,2,32,35,0,0,,
595,3,1,19,1,2,32,35,4,0,,
596,3,1,19,2,2,32,35,0,0,,
597,3,1,19,3,2,32,35,0,0,,
598,3,1,19,4,2,32,35,0,2,,
599,3,1,19,5,2,32,35,4,1,,
600,3,1,19,6,2,32,35,0,0,,
601,3,2,0,1,11,9,13,1,0,,
602,3,2,0,2,11,9,13,0,0,,
603,3,2,0,3,13,9,11,1,0,,
604,3,2,0,4,13,9,11,4,0,,
605,3,2,0,5,13,9,11,0,0,,
606,3,2,0,6,13,9,11,0,0,,
607,3,2,1,1,13,9,11,0,0,,
608,3,2,1,2,13,9,11,4,2,,
609,3,2,1,3,13,9,11,0,0,,
610,3,2,1,4,34,9,11,4,0,caught,13
611,3,2,1,5,19,9,11,0,0,stumped,34
612,3,2,1,6,19,9,11,0,0,,
613,3,2,2,1,11,9,19,1,0,,
614,3,2,2,2,42,9,19,0,0,stumped,11
615,3,2,2,3,42,9,19,0,2,,
616,3,2,2,4,19,9,42,1,0,,
617,3,2,2,5,19,9,42,0,1,,
618,3,2,2,6,19,9,42,0,0,,
619,3,2,3,1,19,9,42,0,0,,
620,3,2,3,2,19,9,42,6,0,,
621,3,2,3,3,42,9,19,1,0,,
622,3,2,3,4,42,9,19,0,2,,
623,3,2,3,5,42,9,19,0,0,,
624,3,2,3,6,42,9,19,0,0,,
625,3,2,4,1,42,9,19,0,0,,
626,3,2,4,2,42,9,19,0,2,,
627,3,2,4,3,42,9,19,4,1,,
628,3,2,4,4,42,9,19,4,0,,
629,3,2,4,5,42,9,19,0,1,,
630,3,2,4,6,42,9,19,0,0,,
631,3,2,5,1,30,9,19,0,0,caught,42
632,3,2,5,2,30,9,19,0,0,,
633,3,2,5,3,30,9,19,4,0,,
634,3,2,5,4,19,9,30,1,0,,
635,3,2,5,5,30,9,19,1,0,,
636,3,2,5,6,30,9,19,2,0,,
637,3,2,6,1,30,4,19,2,0,,
638,3,2,6,2,30,4,19,4,0,,
639,3,2,6,3,19,4,30,5,0,,
640,3,2,6,4,19,4,30,0,0,,
641,3,2,6,5,19,4,30,0,0,,
642,3,2,6,6,19,4,30,0,0,,
643,3,2,7,1,19,4,30,0,0,,
644,3,2,7,2,19,4,30,2,0,,
645,3,2,7,3,19,4,30,2,0,,
646,3,2,7,4,18,4,30,0,0,lbw,19
647,3,2,7,5,18,4,30,0,0,,
648,3,2,7,6,18,4,30,0,0,,
649,3,2,8,1,18,4,30,0,0,,
650,3,2,8,2,18,4,30,0,0,,
651,3,2,8,3,18,4,30,0,0,,
652,3,2,8,4,18,4,30,0,1,,
653,3,2,8,5,18,4,30,6,0,,
654,3,2,8,6,18,4,30,0,0,,
655,3,2,9,1,18,4,30,0,0,,
656,3,2,9,2,18,4,30,0,0,,
657,3,2,9,3,18,4,30,0,0,,
658,3,2,9,4,30,4,18,1,0,,
659,3,2,9,5,30,4,18,0,1,,
660,3,2,9,6,18,4,30,1,0,,
661,3,2,10,1,18,4,30,0,0,,
662,3,2,10,2,18,4,30,6,0,,
663,3,2,10,3,30,4,18,5,0,,
664,3,2,10,4,30,4,18,6,1,,
665,3,2,10,5,18,4,30,1,0,,
666,3,2,10,6,18,4,30,0,0,,
667,3,2,11,1,18,4,30,0,0,,
668,3,2,11,2,30,4,18,1,0,,
669,3,2,11,3,18,4,30,1,1,,
670,3,2,11,4,18,4,30,2,0,,
671,3,2,11,5,30,4,18,1,0,,
672,3,2,11,6,30,4,18,0,0,,
673,3,2,12,1,30,37,18,0,0,,
674,3,2,12,2,30,37,18,0,0,,
675,3,2,12,3,18,37,30,1,0,,
676,3,2,12,4,42,37,30,4,0,lbw,18
677,3,2,12,5,42,37,30,4,0,,
678,3,2,12,6,42,37,30,0,0,,
679,3,2,13,1,32,37,30,0,0,hit wicket,42
680,3,2,13,2,30,37,32,1,1,,
681,3,2,13,3,30,37,32,2,0,,
682,3,2,13,4,30,37,32,0,0,,
683,3,2,13,5,32,37,30,1,0,,
684,3,2,13,6,32,37,30,0,0,,
685,3,2,14,1,32,37,30,0,2,,
686,3,2,14,2,32,37,30,0,1,,
687,3,2,14,3,32,37,30,4,0,,
688,3,2,14,4,32,37,30,0,0,,
689,3,2,14,5,32,37,30,0,0,,
690,3,2,14,6,12,37,30,0,0,hit wicket,32
691,3,2,15,1,12,37,30,0,0,,
692,3,2,15,2,30,37,12,3,1,,
693,3,2,15,3,30,37,12,0,0,,
694,3,2,15,4,30,37,12,0,0,,
695,3,2,15,5,12,37,30,1,0,,
696,3,2,15,6,12,37,30,0,0,,
697,3,2,16,1,15,37,30,0,0,caught,12
698,3,2,16,2,15,37,30,0,0,,
699,3,2,16,3,30,37,15,1,0,,
700,3,2,16,4,30,37,15,0,0,,
701,3,2,16,5,15,37,30,1,0,,
702,3,2,16,6,15,37,30,0,0,,
703,3,2,17,1,15,37,30,0,0,,
704,3,2,17,2,15,37,30,0,0,,
705,3,2,17,3,15,37,30,4,0,,
706,3,2,17,4,15,37,30,0,0,,
707,3,2,17,5,15,37,30,0,0,,
708,3,2,17,6,30,37,15,1,0,,
709,3,2,18,1,30,3,15,0,0,,
710,3,2,18,2,15,3,30,1,0,,
711,3,2,18,3,15,3,30,0,0,,
712,3,2,18,4,15,3,30,0,0,,
713,3,2,18,5,15,3,30,4,1,,
714,3,2,18,6,15,3,30,0,0,,
715,3,2,19,1,15,3,30,4,0,,
716,3,2,19,2,15,3,30,0,0,,
717,3,2,19,3,15,3,30,0,0,,
718,3,2,19,4,15,3,30,0,0,,
719,3,2,19,5,30,3,15,1,0,,
720,3,2,19,6,30,3,15,2,0,,
721,4,1,0,1,49,15,42,0,0,,
722,4,1,0,2,49,15,42,6,0,,
723,4,1,0,3,42,15,49,3,0,,
724,4,1,0,4,42,15,49,2,0,,
725,4,1,0,5,42,15,49,0,0,,
726,4,1,0,6,42,15,49,0,0,,
727,4,1,1,1,49,15,42,1,0,,
728,4,1,1,2,49,15,42,0,0,,
729,4,1,1,3,49,15,42,6,0,,
730,4,1,1,4,49,15,42,6,0,,
731,4,1,1,5,49,15,42,6,0,,
732,4,1,1,6,49,15,42,4,0,,
733,4,1,2,1,49,15,42,4,0,,
734,4,1,2,2,49,15,42,0,0,,
735,4,1,2,3,49,15,42,0,0,,
736,4,1,2,4,49,15,42,4,0,,
737,4,1,2,5,49,15,42,0,1,,
738,4,1,2,6,42,15,49,5,0,,
739,4,1,3,1,42,15,49,4,0,,
740,4,1,3,2,49,15,42,1,0,,
741,4,1,3,3,49,15,42,2,0,,
742,4,1,3,4,49,15,42,4,0,,
743,4,1,3,5,49,15,42,0,0,,
744,4,1,3,6,49,15,42,4,0,,
745,4,1,4,1,49,15,42,2,0,,
746,4,1,4,2,49,15,42,4,0,,
747,4,1,4,3,49,15,42,0,0,,
748,4,1,4,4,49,15,42,0,2,,
749,4,1,4,5,49,15,42,4,0,,
750,4,1,4,6,49,15,42,4,0,,
751,4,1,5,1,49,15,42,0,0,,
752,4,1,5,2,49,15,42,0,0,,
753,4,1,5,3,49,15,42,2,0,,
754,4,1,5,4,49,15,42,0,0,,
755,4,1,5,5,42,15,49,1,0,,
756,4,1,5,6,42,15,49,0,0,,
757,4,1,6,1,42,16,49,4,0,,
758,4,1,6,2,42,16,49,0,0,,
759,4,1,6,3,42,16,49,0,0,,
760,4,1,6,4,42,16,49,2,0,,
761,4,1,6,5,42,16,49,6,0,,
762,4,1,6,6,42,16,49,0,0,,
763,4,1,7,1,42,16,49,2,0,,
764,4,1,7,2,42,16,49,0,0,,
765,4,1,7,3,42,16,49,0,0,,
766,4,1,7,4,49,16,42,1,0,,
767,4,1,7,5,49,16,42,0,0,,
768,4,1,7,6,49,16,42,0,0,,
769,4,1,8,1,42,16,49,1,0,,
770,4,1,8,2,42,16,49,4,0,,
771,4,1,8,3,42,16,49,0,0,,
772,4,1,8,4,42,16,49,0,0,,
773,4,1,8,5,49,16,42,5,0,,
774,4,1,8,6,49,16,42,0,0,,
775,4,1,9,1,49,16,42,6,2,,
776,4,1,9,2,49,16,42,0,0,,
777,4,1,9,3,49,16,42,0,0,,
778,4,1,9,4,42,16,3,5,0,bowled,49
779,4,1,9,5,42,16,3,0,0,,
780,4,1,9,6,42,16,3,2,0,,
781,4,1,10,1,42,16,3,0,0,,
782,4,1,10,2,42,16,3,0,0,,
783,4,1,10,3,42,16,3,0,0,,
784,4,1,10,4,42,16,3,0,0,,
785,4,1,10,5,42,16,3,0,0,,
786,4,1,10,6,3,16,42,1,0,,
787,4,1,11,1,3,16,42,2,0,,
788,4,1,11,2,3,16,42,0,0,,
789,4,1,11,3,42,16,3,1,0,,
790,4,1,11,4,42,16,3,2,0,,
791,4,1,11,5,3,16,42,1,0,,
792,4,1,11,6,3,16,42,0,0,,
793,4,1,12,1,3,17,42,0,0,,
794,4,1,12,2,3,17,42,2,0,,
795,4,1,12,3,3,17,42,0,0,,
796,4,1,12,4,3,17,42,0,2,,
797,4,1,12,5,3,17,42,0,0,,
798,4,1,12,6,3,17,42,4,0,,
799,4,1,13,1,3,17,42,2,0,,
800,4,1,13,2,3,17,42,0,0,,
801,4,1,13,3,3,17,42,4,0,,
802,4,1,13,4,3,17,42,0,0,,
803,4,1,13,5,3,17,42,4,0,,
804,4,1,13,6,3,17,42,2,0,,
805,4,1,14,1,3,17,42,0,0,,
806,4,1,14,2,3,17,42,0,0,,
807,4,1,14,3,3,17,42,4,0,,
808,4,1,14,4,3,17,42,6,1,,
809,4,1,14,5,3,17,42,0,0,,
810,4,1,14,6,14,17,42,0,0,caught,3
811,4,1,15,1,42,17,14,1,0,,
812,4,1,15,2,42,17,14,0,0,,
813,4,1,15,3,42,17,14,2,0,,
814,4,1,15,4,49,17,14,2,0,run out,42
815,4,1,15,5,49,17,14,0,0,,
816,4,1,15,6,42,17,14,4,1,hit wicket,49
817,4,1,16,1,42,17,14,4,0,,
818,4,1,16,2,42,17,14,0,0,,
819,4,1,16,3,42,17,14,0,2,,
820,4,1,16,4,42,17,14,0,1,,
821,4,1,16,5,42,17,14,0,0,,
822,4,1,16,6,42,17,14,6,0,,
823,4,1,17,1,42,17,14,0,0,,
824,4,1,17,2,14,17,42,1,0,,
825,4,1,17,3,14,17,42,0,0,,
826,4,1,17,4,42,17,14,3,0,,
827,4,1,17,5,42,17,14,0,0,,
828,4,1,17,6,42,17,14,0,0,,
829,4,1,18,1,42,19,14,0,0,,
830,4,1,18,2,42,19,14,0,0,,
831,4,1,18,3,42,19,14,0,0,,
832,4,1,18,4,42,19,14,0,0,,
833,4,1,18,5,14,19,42,1,0,,
834,4,1,18,6,14,19,42,4,0,,
835,4,1,19,1,35,19,42,6,0,lbw,14
836,4,1,19,2,35,19,42,4,0,,
837,4,1,19,3,35,19,42,4,0,,
838,4,1,19,4,35,19,42,0,0,,
839,4,1,19,5,35,19,42,0,0,,
840,4,1,19,6,35,19,42,0,0,,
841,4,2,0,1,30,20,32,0,0,,
842,4,2,0,2,30,20,32,0,2,,
843,4,2,0,3,32,20,30,1,0,,
844,4,2,0,4,32,20,30,4,0,,
845,4,2,0,5,32,20,30,4,0,,
846,4,2,0,6,32,20,30,0,0,,
847,4,2,1,1,32,20,30,0,0,,
848,4,2,1,2,32,20,30,4,0,,
849,4,2,1,3,32,20,30,0,0,,
850,4,2,1,4,30,20,32,1,0,,
851,4,2,1,5,30,20,32,0,0,,
852,4,2,1,6,30,20,32,0,0,,
853,4,2,2,1,30,20,32,0,2,,
854,4,2,2,2,30,20,32,0,0,,
855,4,2,2,3,30,20,32,0,0,,
856,4,2,2,4,32,20,30,1,0,,
857,4,2,2,5,32,20,30,0,0,,
858,4,2,2,6,32,20,30,2,0,,
859,4,2,3,1,32,20,30,0,0,,
860,4,2,3,2,32,20,30,6,0,,
861,4,2,3,3,32,20,30,0,0,,
862,4,2,3,4,32,20,30,0,2,,
863,4,2,3,5,32,20,30,4,0,,
864,4,2,3,6,32,20,30,4,0,,
865,4,2,4,1,30,20,32,1,0,,
866,4,2,4,2,30,20,32,4,0,,
867,4,2,4,3,32,20,30,5,0,,
868,4,2,4,4,32,20,30,0,2,,
869,4,2,4,5,32,20,30,0,0,,
870,4,2,4,6,32,20,30,0,0,,
871,4,2,5,1,32,20,30,0,0,,
872,4,2,5,2,32,20,30,0,0,,
873,4,2,5,3,32,20,30,4,0,,
874,4,2,5,4,32,20,30,0,0,,
875,4,2,5,5,32,20,30,2,0,,
876,4,2,5,6,32,20,30,6,0,,
877,4,2,6,1,32,47,30,0,0,,
878,4,2,6,2,32,47,30,6,0,,
879,4,2,6,3,30,47,32,1,0,,
880,4,2,6,4,32,47,30,1,0,,
881,4,2,6,5,30,47,32,1,0,,
882,4,2,6,6,30,47,32,4,0,,
883,4,2,7,1,20,47,32,0,0,hit wicket,30
884,4,2,7,2,20,47,32,0,2,,
885,4,2,7,3,20,47,32,0,0,,
886,4,2,7,4,20,47,32,6,0,,
887,4,2,7,5,20,47,32,4,0,,
888,4,2,7,6,20,47,32,0,2,,
889,4,2,8,1,20,47,32,4,0,,
890,4,2,8,2,32,47,20,1,0,,
891,4,2,8,3,32,47,20,0,0,,
892,4,2,8,4,18,47,20,0,0,run out,32
893,4,2,8,5,18,47,20,2,1,,
894,4,2,8,6,18,47,20,0,0,,
895,4,2,9,1,18,47,20,0,0,,
896,4,2,9,2,20,47,18,1,0,,
897,4,2,9,3,20,47,18,0,0,,
898,4,2,9,4,20,47,18,0,1,,
899,4,2,9,5,20,47,18,0,0,,
900,4,2,9,6,18,47,20,1,0,,
901,4,2,10,1,20,47,18,1,0,,
902,4,2,10,2,20,47,18,0,1,,
903,4,2,10,3,20,47,18,4,0,,
904,4,2,10,4,20,47,18,0,0,,
905,4,2,10,5,20,47,18,2,0,,
906,4,2,10,6,30,47,18,0,0,stumped,20
907,4,2,11,1,30,47,18,4,0,,
908,4,2,11,2,30,47,18,0,0,,
909,4,2,11,3,18,47,34,1,0,caught,30
910,4,2,11,4,18,47,34,0,0,,
911,4,2,11,5,18,47,34,0,0,,
912,4,2,11,6,34,47,18,1,0,,
913,4,2,12,1,34,20,18,0,0,,
914,4,2,12,2,34,20,18,0,0,,
915,4,2,12,3,34,20,18,4,0,,
916,4,2,12,4,18,20,34,1,0,,
917,4,2,12,5,34,20,18,3,0,,
918,4,2,12,6,34,20,18,0,0,,
919,4,2,13,1,34,20,18,0,1,,
920,4,2,13,2,34,20,18,4,0,,
921,4,2,13,3,34,20,18,0,0,,
922,4,2,13,4,34,20,18,0,0,,
923,4,2,13,5,18,20,34,1,2,,
924,4,2,13,6,34,20,18,5,0,,
925,4,2,14,1,34,20,18,0,0,,
926,4,2,14,2,34,20,18,0,0,,
927,4,2,14,3,34,20,18,0,0,,
928,4,2,14,4,18,20,34,1,0,,
929,4,2,14,5,34,20,18,3,0,,
930,4,2,14,6,18,20,34,1,0,,
931,4,2,15,1,18,20,34,4,0,,
932,4,2,15,2,34,20,18,1,0,,
933,4,2,15,3,34,20,18,0,0,,
934,4,2,15,4,34,20,18,6,0,,
935,4,2,15,5,34,20,18,2,0,,
936,4,2,15,6,34,20,18,4,0,,
937,4,2,16,1,18,20,34,1,0,,
938,4,2,16,2,18,20,34,0,0,,
939,4,2,16,3,34,20,18,1,0,,
940,4,2,16,4,15,20,18,4,0,run out,34
941,4,2,16,5,15,20,18,4,0,,
942,4,2,16,6,15,20,18,0,0,,
943,4,2,17,1,18,20,15,1,0,,
944,4,2,17,2,18,20,15,0,2,,
945,4,2,17,3,18,20,15,4,0,,
946,4,2,17,4,15,20,18,1,0,,
947,4,2,17,5,15,20,18,4,0,,
948,4,2,17,6,15,20,18,4,0,,
949,4,2,18,1,15,47,18,0,0,,
950,4,2,18,2,15,47,18,2,0,,
951,4,2,18,3,15,47,18,0,0,,
952,4,2,18,4,15,47,18,0,0,,
953,4,2,18,5,15,47,18,0,0,,
954,4,2,18,6,15,47,18,0,0,,
955,4,2,19,1,18,47,15,1,0,,
956,4,2,19,2,18,47,15,0,1,,
957,4,2,19,3,15,47,18,1,0,,
958,4,2,19,4,15,47,18,0,0,,
959,4,2,19,5,15,47,18,0,0,,
960,4,2,19,6,15,47,18,2,0,,
961,5,1,0,1,14,7,32,0,0,,
962,5,1,0,2,14,7,32,6,0,,
963,5,1,0,3,14,7,32,0,0,,
964,5,1,0,4,14,7,32,0,0,,
965,5,1,0,5,14,7,32,2,0,,
966,5,1,0,6,14,7,32,4,0,,
967,5,1,1,1,14,7,32,0,0,,
968,5,1,1,2,32,7,17,1,0,hit wicket,14
969,5,1,1,3,17,7,32,1,0,,
970,5,1,1,4,32,7,17,1,0,,
971,5,1,1,5,32,7,17,0,0,,
972,5,1,1,6,17,7,32,1,1,,
973,5,1,2,1,17,7,32,0,0,,
974,5,1,2,2,17,7,32,0,0,,
975,5,1,2,3,17,7,32,0,0,,
976,5,1,2,4,17,7,32,0,0,,
977,5,1,2,5,17,7,32,4,0,,
978,5,1,2,6,32,7,17,1,2,,
979,5,1,3,1,32,7,17,0,0,,
980,5,1,3,2,17,7,32,1,0,,
981,5,1,3,3,17,7,32,0,0,,
982,5,1,3,4,32,7,17,1,0,,
983,5,1,3,5,32,7,17,0,0,,
984,5,1,3,6,17,7,32,1,1,,
985,5,1,4,1,17,7,32,4,0,,
986,5,1,4,2,17,7,32,0,0,,
987,5,1,4,3,17,7,32,4,0,,
988,5,1,4,4,17,7,32,0,0,,
989,5,1,4,5,32,7,17,1,0,,
990,5,1,4,6,32,7,17,0,0,,
991,5,1,5,1,17,7,32,1,0,,
992,5,1,5,2,17,7,32,4,0,,
993,5,1,5,3,17,7,32,0,2,,
994,5,1,5,4,17,7,32,6,0,,
995,5,1,5,5,17,7,32,0,0,,
996,5,1,5,6,17,7,32,6,0,,
997,5,1,6,1,17,26,32,0,0,,
998,5,1,6,2,17,26,32,2,0,,
999,5,1,6,3,17,26,32,0,0,,
1000,5,1,6,4,17,26,32,0,1,,
1001,5,1,6,5,17,26,32,0,0,,
1002,5,1,6,6,17,26,32,0,0,,
1003,5,1,7,1,17,26,32,0,0,,
1004,5,1,7,2,17,26,32,0,0,,
1005,5,1,7,3,17,26,32,0,0,,
1006,5,1,7,4,17,26,32,0,0,,
1007,5,1,7,5,17,26,32,0,0,,
1008,5,1,7,6,17,26,32,0,0,,
1009,5,1,8,1,17,26,32,0,1,,
1010,5,1,8,2,17,26,32,0,1,,
1011,5,1,8,3,17,26,32,0,0,,
1012,5,1,8,4,17,26,32,0,0,,
1013,5,1,8,5,17,26,32,0,0,,
1014,5,1,8,6,17,26,32,0,0,,
1015,5,1,9,1,32,26,17,1,0,,
1016,5,1,9,2,17,26,12,1,0,hit wicket,32
1017,5,1,9,3,17,26,12,0,0,,
1018,5,1,9,4,17,26,12,0,0,,
1019,5,1,9,5,12,26,17,1,0,,
1020,5,1,9,6,17,26,12,1,0,,
1021,5,1,10,1,17,26,12,0,0,,
1022,5,1,10,2,17,26,12,2,0,,
1023,5,1,10,3,17,26,12,0,0,,
1024,5,1,10,4,17,26,12,0,0,,
1025,5,1,10,5,12,26,15,1,0,run out,17
1026,5,1,10,6,15,26,12,1,0,,
1027,5,1,11,1,15,26,12,0,0,,
1028,5,1,11,2,12,26,15,1,0,,
1029,5,1,11,3,12,26,15,2,0,,
1030,5,1,11,4,12,26,15,4,0,,
1031,5,1,11,5,12,26,15,6,0,,
1032,5,1,11,6,15,26,12,3,0,,
1033,5,1,12,1,15,2,12,0,0,,
1034,5,1,12,2,15,2,12,0,0,,
1035,5,1,12,3,15,2,12,0,0,,
1036,5,1,12,4,15,2,12,4,1,,
1037,5,1,12,5,15,2,12,2,0,,
1038,5,1,12,6,15,2,12,0,0,,
1039,5,1,13,1,15,2,12,4,0,,
1040,5,1,13,2,15,2,12,0,0,,
1041,5,1,13,3,15,2,12,0,0,,
1042,5,1,13,4,15,2,12,4,0,,
1043,5,1,13,5,15,2,12,0,0,,
1044,5,1,13,6,12,2,15,1,0,,
1045,5,1,14,1,12,2,15,4,0,,
1046,5,1,14,2,12,2,15,4,0,,
1047,5,1,14,3,12,2,15,4,0,,
1048,5,1,14,4,15,2,12,1,0,,
1049,5,1,14,5,15,2,12,0,0,,
1050,5,1,14,6,15,2,12,0,1,,
1051,5,1,15,1,15,2,12,0,0,,
1052,5,1,15,2,15,2,12,0,0,,
1053,5,1,15,3,12,2,15,1,0,,
1054,5,1,15,4,12,2,15,4,0,,
1055,5,1,15,5,12,2,15,0,1,,
1056,5,1,15,6,12,2,15,0,0,,
1057,5,1,16,1,12,2,15,2,0,,
1058,5,1,16,2,12,2,15,0,0,,
1059,5,1,16,3,12,2,15,0,0,,
1060,5,1,16,4,12,2,15,0,0,,
1061,5,1,16,5,12,2,15,0,0,,
1062,5,1,16,6,12,2,15,2,0,,
1063,5,1,17,1,12,2,15,0,0,,
1064,5,1,17,2,12,2,15,2,1,,
1065,5,1,17,3,12,2,15,4,0,,
1066,5,1,17,4,12,2,15,0,0,,
1067,5,1,17,5,12,2,15,4,0,,
1068,5,1,17,6,12,2,15,2,0,,
1069,5,1,18,1,12,33,15,0,0,,
1070,5,1,18,2,12,33,15,0,0,,
1071,5,1,18,3,12,33,15,6,0,,
1072,5,1,18,4,15,33,12,1,0,,
1073,5,1,18,5,15,33,12,0,0,,
1074,5,1,18,6,15,33,12,0,0,,
1075,5,1,19,1,15,33,12,4,0,,
1076,5,1,19,2,15,33,12,2,0,,
1077,5,1,19,3,15,33,12,0,1,,
1078,5,1,19,4,12,33,15,1,0,,
1079,5,1,19,5,15,33,12,1,1,,
1080,5,1,19,6,32,33,12,0,0,run out,15
1081,5,2,0,1,46,19,37,2,1,,
1082,5,2,0,2,46,19,37,0,0,,
1083,5,2,0,3,37,19,46,1,0,,
1084,5,2,0,4,37,19,46,4,0,,
1085,5,2,0,5,46,19,37,1,0,,
1086,5,2,0,6,46,19,37,0,0,,
1087,5,2,1,1,46,19,37,0,0,,
1088,5,2,1,2,46,19,37,0,0,,
1089,5,2,1,3,46,19,37,0,0,,
1090,5,2,1,4,46,19,37,0,0,,
1091,5,2,1,5,37,19,46,1,1,,
1092,5,2,1,6,37,19,46,2,2,,
1093,5,2,2,1,46,19,37,1,0,,
1094,5,2,2,2,46,19,37,2,0,,
1095,5,2,2,3,46,19,37,4,0,,
1096,5,2,2,4,46,19,37,4,0,,
1097,5,2,2,5,46,19,37,0,0,,
1098,5,2,2,6,46,19,37,0,0,,
1099,5,2,3,1,46,19,37,0,0,,
1100,5,2,3,2,37,19,46,1,0,,
1101,5,2,3,3,37,19,46,2,0,,
1102,5,2,3,4,37,19,46,0,0,,
1103,5,2,3,5,46,19,37,1,0,,
1104,5,2,3,6,37,19,46,1,0,,
1105,5,2,4,1,46,19,37,3,0,,
1106,5,2,4,2,46,19,37,0,0,,
1107,5,2,4,3,46,19,37,2,0,,
1108,5,2,4,4,46,19,37,0,0,,
1109,5,2,4,5,46,19,37,4,0,,
1110,5,2,4,6,46,19,37,0,0,,
1111,5,2,5,1,46,19,37,0,0,,
1112,5,2,5,2,46,19,37,0,0,,
1113,5,2,5,3,46,19,37,0,2,,
1114,5,2,5,4,46,19,37,6,0,,
1115,5,2,5,5,46,19,37,0,0,,
1116,5,2,5,6,27,19,37,0,0,run out,46
1117,5,2,6,1,27,32,37,4,0,,
1118,5,2,6,2,27,32,37,0,1,,
1119,5,2,6,3,37,32,27,1,0,,
1120,5,2,6,4,37,32,27,0,0,,
1121,5,2,6,5,37,32,27,0,0,,
1122,5,2,6,6,37,32,27,0,0,,
1123,5,2,7,1,37,32,27,0,0,,
1124,5,2,7,2,37,32,27,0,0,,
1125,5,2,7,3,37,32,27,2,0,,
1126,5,2,7,4,6,32,27,4,2,hit wicket,37
1127,5,2,7,5,6,32,27,0,1,,
1128,5,2,7,6,27,32,6,1,1,,
1129,5,2,8,1,27,32,6,0,1,,
1130,5,2,8,2,27,32,6,0,0,,
1131,5,2,8,3,27,32,6,4,0,,
1132,5,2,8,4,6,32,4,3,0,hit wicket,27
1133,5,2,8,5,6,32,4,0,0,,
1134,5,2,8,6,6,32,4,6,0,,
1135,5,2,9,1,4,32,6,1,0,,
1136,5,2,9,2,4,32,6,0,0,,
1137,5,2,9,3,4,32,6,0,0,,
1138,5,2,9,4,4,32,6,2,0,,
1139,5,2,9,5,8,32,6,0,0,hit wicket,4
1140,5,2,9,6,8,32,6,0,0,,
1141,5,2,10,1,8,32,6,0,0,,
1142,5,2,10,2,8,32,6,4,0,,
1143,5,2,10,3,8,32,6,0,0,,
1144,5,2,10,4,8,32,6,0,0,,
1145,5,2,10,5,8,32,6,0,0,,
1146,5,2,10,6,8,32,6,0,1,,
1147,5,2,11,1,8,32,6,2,0,,
1148,5,2,11,2,8,32,6,2,0,,
1149,5,2,11,3,6,32,8,1,0,,
1150,5,2,11,4,6,32,8,0,0,,
1151,5,2,11,5,8,32,6,1,1,,
1152,5,2,11,6,6,32,8,1,1,,
1153,5,2,12,1,6,20,8,2,0,,
1154,5,2,12,2,27,20,8,4,0,stumped,6
1155,5,2,12,3,27,20,8,0,0,,
1156,5,2,12,4,27,20,8,0,0,,
1157,5,2,12,5,27,20,8,0,1,,
1158,5,2,12,6,27,20,8,0,0,,
1159,5,2,13,1,27,20,8,0,0,,
1160,5,2,13,2,8,20,27,1,0,,
1161,5,2,13,3,8,20,27,6,0,,
1162,5,2,13,4,8,20,27,0,0,,
1163,5,2,13,5,8,20,27,0,0,,
1164,5,2,13,6,8,20,27,0,0,,
1165,5,2,14,1,8,20,27,0,0,,
1166,5,2,14,2,8,20,27,0,0,,
1167,5,2,14,3,27,20,8,1,0,,
1168,5,2,14,4,8,20,27,3,1,,
1169,5,2,14,5,8,20,27,0,0,,
1170,5,2,14,6,27,20,8,1,0,,
1171,5,2,15,1,8,20,27,1,0,,
1172,5,2,15,2,8,20,27,0,0,,
1173,5,2,15,3,8,20,27,0,0,,
1174,5,2,15,4,8,20,27,0,0,,
1175,5,2,15,5,8,20,27,0,0,,
1176,5,2,15,6,8,20,27,2,0,,
1177,5,2,16,1,27,20,8,1,0,,
1178,5,2,16,2,10,20,8,2,0,lbw,27
1179,5,2,16,3,10,20,8,4,0,,
1180,5,2,16,4,10,20,8,0,0,,
1181,5,2,16,5,8,20,10,1,0,,
1182,5,2,16,6,8,20,10,0,0,,
1183,5,2,17,1,8,20,10,0,0,,
1184,5,2,17,2,8,20,10,6,0,,
1185,5,2,17,3,8,20,10,0,0,,
1186,5,2,17,4,10,20,8,1,0,,
1187,5,2,17,5,10,20,8,2,1,,
1188,5,2,17,6,10,20,8,0,0,,
1189,5,2,18,1,10,17,8,0,0,,
1190,5,2,18,2,10,17,8,0,1,,
1191,5,2,18,3,10,17,8,0,0,,
1192,5,2,18,4,10,17,8,6,0,,
1193,5,2,18,5,10,17,8,2,0,,
1194,5,2,18,6,10,17,8,0,0,,
1195,5,2,19,1,10,17,8,4,0,,
1196,5,2,19,2,10,17,8,6,0,,
1197,5,2,19,3,10,17,8,4,0,,
1198,5,2,19,4,10,17,8,4,0,,
1199,5,2,19,5,10,17,8,0,0,,
1200,5,2,19,6,10,17,8,0,0,,
1201,6,1,0,1,8,49,43,0,0,,
1202,6,1,0,2,8,49,43,0,1,,
1203,6,1,0,3,8,49,43,0,1,,
1204,6,1,0,4,8,49,43,4,0,,
1205,6,1,0,5,43,49,8,5,0,,
1206,6,1,0,6,43,49,8,0,0,,
1207,6,1,1,1,43,49,8,0,0,,
1208,6,1,1,2,43,49,8,2,0,,
1209,6,1,1,3,43,49,8,0,0,,
1210,6,1,1,4,8,49,43,1,0,,
1211,6,1,1,5,8,49,43,0,0,,
1212,6,1,1,6,8,49,43,4,0,,
1213,6,1,2,1,43,49,8,1,0,,
1214,6,1,2,2,8,49,43,1,0,,
1215,6,1,2,3,8,49,43,2,0,,
1216,6,1,2,4,8,49,43,4,0,,
1217,6,1,2,5,43,49,8,1,0,,
1218,6,1,2,6,43,49,8,4,0,,
1219,6,1,3,1,43,49,8,4,0,,
1220,6,1,3,2,43,49,8,0,0,,
1221,6,1,3,3,43,49,8,4,0,,
1222,6,1,3,4,43,49,8,0,0,,
1223,6,1,3,5,43,49,8,0,0,,
1224,6,1,3,6,43,49,8,0,0,,
1225,6,1,4,1,43,49,8,0,0,,
1226,6,1,4,2,43,49,8,0,0,,
1227,6,1,4,3,43,49,8,0,0,,
1228,6,1,4,4,8,49,43,1,0,,
1229,6,1,4,5,43,49,8,1,0,,
1230,6,1,4,6,43,49,8,0,0,,
1231,6,1,5,1,8,49,43,1,0,,
1232,6,1,5,2,8,49,43,0,2,,
1233,6,1,5,3,8,49,43,2,0,,
1234,6,1,5,4,8,49,43,4,0,,
1235,6,1,5,5,8,49,43,2,1,,
1236,6,1,5,6,8,49,43,0,0,,
1237,6,1,6,1,43,9,8,1,0,,
1238,6,1,6,2,43,9,8,6,0,,
1239,6,1,6,3,43,9,8,0,1,,
1240,6,1,6,4,43,9,8,0,0,,
1241,6,1,6,5,43,9,8,0,0,,
1242,6,1,6,6,8,9,43,1,0,,
1243,6,1,7,1,43,9,8,1,1,,
1244,6,1,7,2,8,9,43,1,0,,
1245,6,1,7,3,43,9,8,1,0,,
1246,6,1,7,4,43,9,8,0,0,,
1247,6,1,7,5,39,9,8,0,0,caught,43
1248,6,1,7,6,39,9,8,6,0,,
1249,6,1,8,1,39,9,8,0,0,,
1250,6,1,8,2,39,9,8,0,0,,
1251,6,1,8,3,39,9,8,4,0,,
1252,6,1,8,4,8,9,39,1,0,,
1253,6,1,8,5,8,9,39,4,0,,
1254,6,1,8,6,31,9,39,0,0,caught,8
1255,6,1,9,1,31,9,39,0,0,,
1256,6,1,9,2,31,9,39,0,0,,
1257,6,1,9,3,31,9,39,0,0,,
1258,6,1,9,4,31,9,39,0,0,,
1259,6,1,9,5,31,9,39,0,0,,
1260,6,1,9,6,31,9,39,2,0,,
1261,6,1,10,1,31,9,39,4,0,,
1262,6,1,10,2,31,9,39,0,0,,
1263,6,1,10,3,39,9,31,1,0,,
1264,6,1,10,4,39,9,31,0,0,,
1265,6,1,10,5,39,9,31,0,0,,
1266,6,1,10,6,39,9,31,2,0,,
1267,6,1,11,1,39,9,31,0,0,,
1268,6,1,11,2,31,9,39,1,0,,
1269,6,1,11,3,31,9,39,4,0,,
1270,6,1,11,4,31,9,39,0,0,,
1271,6,1,11,5,31,9,39,0,0,,
1272,6,1,11,6,31,9,39,0,0,,
1273,6,1,12,1,31,14,39,0,1,,
1274,6,1,12,2,22,14,39,2,0,run out,31
1275,6,1,12,3,39,14,22,1,0,,
1276,6,1,12,4,39,14,22,4,0,,
1277,6,1,12,5,39,14,22,6,1,,
1278,6,1,12,6,39,14,22,0,0,,
1279,6,1,13,1,22,14,39,3,0,,
1280,6,1,13,2,22,14,39,0,0,,
1281,6,1,13,3,22,14,39,0,2,,
1282,6,1,13,4,31,14,39,0,0,caught,22
1283,6,1,13,5,39,14,31,1,0,,
1284,6,1,13,6,39,14,31,0,0,,
1285,6,1,14,1,39,14,31,0,0,,
1286,6,1,14,2,39,14,31,0,0,,
1287,6,1,14,3,39,14,31,0,0,,
1288,6,1,14,4,39,14,31,0,0,,
1289,6,1,14,5,39,14,31,0,0,,
1290,6,1,14,6,39,14,31,0,0,,
1291,6,1,15,1,39,14,31,0,1,,
1292,6,1,15,2,31,14,39,3,0,,
1293,6,1,15,3,31,14,39,6,0,,
1294,6,1,15,4,31,14,39,2,0,,
1295,6,1,15,5,39,14,31,1,0,,
1296,6,1,15,6,31,14,39,1,0,,
1297,6,1,16,1,31,14,39,0,0,,
1298,6,1,16,2,31,14,39,0,0,,
1299,6,1,16,3,22,14,39,4,0,bowled,31
1300,6,1,16,4,22,14,39,4,1,,
1301,6,1,16,5,39,14,22,1,0,,
1302,6,1,16,6,39,14,22,2,0,,
1303,6,1,17,1,39,14,22,0,0,,
1304,6,1,17,2,39,14,22,0,0,,
1305,6,1,17,3,39,14,22,0,0,,
1306,6,1,17,4,39,14,22,0,0,,
1307,6,1,17,5,39,14,22,4,0,,
1308,6,1,17,6,39,14,22,0,0,,
1309,6,1,18,1,39,49,22,0,0,,
1310,6,1,18,2,39,49,22,2,1,,
1311,6,1,18,3,39,49,22,0,0,,
1312,6,1,18,4,39,49,22,4,0,,
1313,6,1,18,5,39,49,22,0,0,,
1314,6,1,18,6,39,49,22,0,0,,
1315,6,1,19,1,39,49,22,4,0,,
1316,6,1,19,2,39,49,22,2,0,,
1317,6,1,19,3,39,49,22,0,0,,
1318,6,1,19,4,39,49,22,4,0,,
1319,6,1,19,5,39,49,22,2,0,,
1320,6,1,19,6,48,49,22,0,0,lbw,39
1321,6,2,0,1,3,31,9,4,0,,
1322,6,2,0,2,9,31,3,5,0,,
1323,6,2,0,3,9,31,3,0,0,,
1324,6,2,0,4,9,31,3,0,0,,
1325,6,2,0,5,9,31,3,4,0,,
1326,6,2,0,6,9,31,3,0,0,,
1327,6,2,1,1,9,31,3,0,0,,
1328,6,2,1,2,9,31,3,2,0,,
1329,6,2,1,3,3,31,9,1,0,,
1330,6,2,1,4,3,31,9,2,0,,
1331,6,2,1,5,9,31,3,3,0,,
1332,6,2,1,6,3,31,9,1,0,,
1333,6,2,2,1,3,31,9,0,0,,
1334,6,2,2,2,9,31,3,1,0,,
1335,6,2,2,3,9,31,3,0,0,,
1336,6,2,2,4,3,31,9,3,0,,
1337,6,2,2,5,3,31,9,0,0,,
1338,6,2,2,6,3,31,9,0,0,,
1339,6,2,3,1,3,31,9,0,0,,
1340,6,2,3,2,3,31,9,0,0,,
1341,6,2,3,3,3,31,9,0,0,,
1342,6,2,3,4,3,31,9,0,2,,
1343,6,2,3,5,11,31,9,0,0,bowled,3
1344,6,2,3,6,11,31,9,0,0,,
1345,6,2,4,1,11,31,9,2,0,,
1346,6,2,4,2,9,31,11,1,0,,
1347,6,2,4,3,9,31,11,2,0,,
1348,6,2,4,4,9,31,11,0,0,,
1349,6,2,4,5,9,31,11,4,0,,
1350,6,2,4,6,9,31,11,0,2,,
1351,6,2,5,1,9,31,11,0,2,,
1352,6,2,5,2,9,31,11,6,0,,
1353,6,2,5,3,9,31,11,0,0,,
1354,6,2,5,4,9,31,11,0,1,,
1355,6,2,5,5,9,31,11,0,0,,
1356,6,2,5,6,11,31,9,1,0,,
1357,6,2,6,1,11,15,9,0,0,,
1358,6,2,6,2,11,15,9,6,0,,
1359,6,2,6,3,11,15,9,0,0,,
1360,6,2,6,4,11,15,9,0,0,,
1361,6,2,6,5,9,15,11,1,0,,
1362,6,2,6,6,9,15,11,0,0,,
1363,6,2,7,1,9,15,11,0,0,,
1364,6,2,7,2,9,15,11,6,0,,
1365,6,2,7,3,9,15,11,0,0,,
1366,6,2,7,4,9,15,11,0,0,,
1367,6,2,7,5,11,15,9,1,0,,
1368,6,2,7,6,16,15,9,4,0,run out,11
1369,6,2,8,1,37,15,9,2,0,hit wicket,16
1370,6,2,8,2,9,15,37,1,0,,
1371,6,2,8,3,37,15,9,1,0,,
1372,6,2,8,4,37,15,9,0,0,,
1373,6,2,8,5,37,15,9,4,0,,
1374,6,2,8,6,37,15,9,0,0,,
1375,6,2,9,1,37,15,9,0,0,,
1376,6,2,9,2,37,15,9,2,0,,
1377,6,2,9,3,37,15,9,0,0,,
1378,6,2,9,4,37,15,9,0,1,,
1379,6,2,9,5,37,15,9,0,0,,
1380,6,2,9,6,37,15,9,0,0,,
1381,6,2,10,1,37,15,9,0,0,,
1382,6,2,10,2,37,15,9,0,1,,
1383,6,2,10,3,37,15,9,0,0,,
1384,6,2,10,4,37,15,9,0,0,,
1385,6,2,10,5,37,15,9,0,0,,
1386,6,2,10,6,37,15,9,0,0,,
1387,6,2,11,1,37,15,9,0,1,,
1388,6,2,11,2,37,15,9,4,0,,
1389,6,2,11,3,9,15,37,1,0,,
1390,6,2,11,4,9,15,37,4,0,,
1391,6,2,11,5,9,15,37,0,0,,
1392,6,2,11,6,9,15,37,2,0,,
1393,6,2,12,1,9,27,37,0,0,,
1394,6,2,12,2,37,27,9,1,0,,
1395,6,2,12,3,37,27,9,0,0,,
1396,6,2,12,4,37,27,9,2,0,,
1397,6,2,12,5,9,27,37,1,0,,
1398,6,2,12,6,37,27,9,1,0,,
1399,6,2,13,1,37,27,9,0,0,,
1400,6,2,13,2,37,27,9,0,2,,
1401,6,2,13,3,37,27,9,0,0,,
1402,6,2,13,4,37,27,9,0,0,,
1403,6,2,13,5,37,27,9,0,0,,
1404,6,2,13,6,9,27,37,1,0,,
1405,6,2,14,1,9,27,37,4,0,,
1406,6,2,14,2,9,27,37,0,0,,
1407,6,2,14,3,9,27,37,6,0,,
1408,6,2,14,4,9,27,37,6,0,,
1409,6,2,14,5,9,27,37,0,0,,
1410,6,2,14,6,9,27,37,4,0,,
1411,6,2,15,1,9,27,37,0,0,,
1412,6,2,15,2,9,27,37,0,0,,
1413,6,2,15,3,9,27,37,0,0,,
1414,6,2,15,4,9,27,37,0,0,,
1415,6,2,15,5,37,27,9,1,0,,
1416,6,2,15,6,37,27,9,0,0,,
1417,6,2,16,1,37,27,9,4,0,,
1418,6,2,16,2,37,27,9,0,0,,
1419,6,2,16,3,9,27,37,1,0,,
1420,6,2,16,4,9,27,37,2,0,,
1421,6,2,16,5,9,27,37,0,0,,
1422,6,2,16,6,9,27,37,0,0,,
1423,6,2,17,1,9,27,37,0,0,,
1424,6,2,17,2,9,27,37,0,0,,
1425,6,2,17,3,9,27,37,0,0,,
1426,6,2,17,4,9,27,37,0,0,,
1427,6,2,17,5,9,27,37,0,0,,
1428,6,2,17,6,9,27,37,0,0,,
1429,6,2,18,1,9,39,37,0,0,,
1430,6,2,18,2,37,39,9,1,0,,
1431,6,2,18,3,37,39,9,0,0,,
1432,6,2,18,4,37,39,9,0,0,,
1433,6,2,18,5,9,39,37,1,0,,
1434,6,2,18,6,9,39,37,0,0,,
1435,6,2,19,1,9,39,37,0,0,,
1436,6,2,19,2,9,39,37,0,0,,
1437,6,2,19,3,9,39,37,0,0,,
1438,6,2,19,4,9,39,37,2,0,,
1439,6,2,19,5,9,39,37,4,0,,
1440,6,2,19,6,9,39,37,0,1,,
1441,7,1,0,1,11,24,17,0,0,,
1442,7,1,0,2,11,24,17,2,0,,
1443,7,1,0,3,11,24,17,2,0,,
1444,7,1,0,4,11,24,17,6,0,,
1445,7,1,0,5,11,24,17,0,1,,
1446,7,1,0,6,11,24,17,0,0,,
1447,7,1,1,1,17,24,11,1,0,,
1448,7,1,1,2,17,24,11,4,0,,
1449,7,1,1,3,11,24,17,1,1,,
1450,7,1,1,4,11,24,17,0,0,,
1451,7,1,1,5,11,24,17,0,2,,
1452,7,1,1,6,11,24,17,2,1,,
1453,7,1,2,1,17,24,11,1,0,,
1454,7,1,2,2,17,24,11,6,0,,
1455,7,1,2,3,17,24,11,0,1,,
1456,7,1,2,4,18,24,11,0,0,hit wicket,17
1457,7,1,2,5,18,24,11,0,0,,
1458,7,1,2,6,18,24,11,6,0,,
1459,7,1,3,1,18,24,11,0,0,,
1460,7,1,3,2,18,24,11,6,1,,
1461,7,1,3,3,18,24,11,0,0,,
1462,7,1,3,4,18,24,11,0,0,,
1463,7,1,3,5,11,24,18,1,0,,
1464,7,1,3,6,11,24,18,0,0,,
1465,7,1,4,1,11,24,18,0,0,,
1466,7,1,4,2,11,24,18,0,0,,
1467,7,1,4,3,18,24,11,1,0,,
1468,7,1,4,4,11,24,18,1,0,,
1469,7,1,4,5,11,24,18,0,1,,
1470,7,1,4,6,18,24,11,1,0,,
1471,7,1,5,1,18,24,11,0,0,,
1472,7,1,5,2,18,24,11,0,0,,
1473,7,1,5,3,18,24,11,0,0,,
1474,7,1,5,4,18,24,11,6,0,,
1475,7,1,5,5,18,24,11,4,0,,
1476,7,1,5,6,18,24,11,0,0,,
1477,7,1,6,1,18,19,11,0,2,,
1478,7,1,6,2,11,19,18,1,0,,
1479,7,1,6,3,18,19,11,1,0,,
1480,7,1,6,4,18,19,11,0,0,,
1481,7,1,6,5,18,19,11,2,0,,
1482,7,1,6,6,18,19,11,0,0,,
1483,7,1,7,1,19,19,11,0,0,lbw,18
1484,7,1,7,2,19,19,11,0,0,,
1485,7,1,7,3,19,19,11,0,0,,
1486,7,1,7,4,19,19,11,0,0,,
1487,7,1,7,5,19,19,11,4,0,,
1488,7,1,7,6,19,19,11,2,0,,
1489,7,1,8,1,19,19,11,2,0,,
1490,7,1,8,2,11,19,19,1,0,,
1491,7,1,8,3,19,19,11,1,0,,
1492,7,1,8,4,19,19,11,0,0,,
1493,7,1,8,5,19,19,11,0,0,,
1494,7,1,8,6,19,19,11,0,0,,
1495,7,1,9,1,19,19,11,6,0,,
1496,7,1,9,2,19,19,11,4,0,,
1497,7,1,9,3,19,19,11,0,0,,
1498,7,1,9,4,11,19,19,1,1,,
1499,7,1,9,5,19,19,11,1,0,,
1500,7,1,9,6,19,19,11,0,0,,
1501,7,1,10,1,11,19,19,1,0,,
1502,7,1,10,2,11,19,19,0,0,,
1503,7,1,10,3,11,19,19,4,0,,
1504,7,1,10,4,11,19,19,0,0,,
1505,7,1,10,5,11,19,19,0,0,,
1506,7,1,10,6,19,19,11,1,0,,
1507,7,1,11,1,11,19,19,1,0,,
1508,7,1,11,2,19,19,11,1,0,,
1509,7,1,11,3,19,19,11,0,0,,
1510,7,1,11,4,19,19,11,4,0,,
1511,7,1,11,5,19,19,11,0,0,,
1512,7,1,11,6,19,19,11,0,0,,
1513,7,1,12,1,19,47,11,0,0,,
1514,7,1,12,2,20,47,11,0,0,run out,19
1515,7,1,12,3,11,47,20,1,0,,
1516,7,1,12,4,11,47,20,0,0,,
1517,7,1,12,5,11,47,20,0,0,,
1518,7,1,12,6,11,47,20,0,0,,
1519,7,1,13,1,20,47,12,1,0,caught,11
1520,7,1,13,2,12,47,20,1,0,,
1521,7,1,13,3,20,47,12,1,0,,
1522,7,1,13,4,20,47,12,4,0,,
1523,7,1,13,5,20,47,12,0,0,,
1524,7,1,13,6,12,47,20,1,0,,
1525,7,1,14,1,12,47,20,0,0,,
1526,7,1,14,2,12,47,20,4,0,,
1527,7,1,14,3,12,47,20,0,0,,
1528,7,1,14,4,12,47,20,0,0,,
1529,7,1,14,5,12,47,20,0,0,,
1530,7,1,14,6,12,47,20,0,0,,
1531,7,1,15,1,20,47,12,1,0,,
1532,7,1,15,2,12,47,20,1,2,,
1533,7,1,15,3,20,47,12,1,1,,
1534,7,1,15,4,20,47,12,0,0,,
1535,7,1,15,5,20,47,12,0,2,,
1536,7,1,15,6,20,47,12,0,0,,
1537,7,1,16,1,12,47,20,1,0,,
1538,7,1,16,2,20,47,12,1,0,,
1539,7,1,16,3,20,47,12,0,0,,
1540,7,1,16,4,20,47,12,0,0,,
1541,7,1,16,5,20,47,12,6,0,,
1542,7,1,16,6,12,47,42,1,0,caught,20
1543,7,1,17,1,12,47,42,0,0,,
1544,7,1,17,2,17,47,42,0,0,hit wicket,12
1545,7,1,17,3,17,47,42,0,0,,
1546,7,1,17,4,17,47,42,0,0,,
1547,7,1,17,5,17,47,42,0,0,,
1548,7,1,17,6,42,47,17,3,0,,
1549,7,1,18,1,17,4,42,1,0,,
1550,7,1,18,2,17,4,42,0,0,,
1551,7,1,18,3,17,4,42,0,0,,
1552,7,1,18,4,42,4,32,1,0,stumped,17
1553,7,1,18,5,42,4,32,0,1,,
1554,7,1,18,6,42,4,32,0,0,,
1555,7,1,19,1,42,4,32,0,0,,
1556,7,1,19,2,42,4,32,0,0,,
1557,7,1,19,3,42,4,32,0,0,,
1558,7,1,19,4,42,4,32,4,0,,
1559,7,1,19,5,42,4,32,0,0,,
1560,7,1,19,6,42,4,32,4,0,,
1561,7,2,0,1,10,16,24,2,0,,
1562,7,2,0,2,10,16,24,0,0,,
1563,7,2,0,3,10,16,24,0,0,,
1564,7,2,0,4,10,16,24,2,0,,
1565,7,2,0,5,10,16,24,0,0,,
1566,7,2,0,6,10,16,24,4,0,,
1567,7,2,1,1,10,16,24,2,0,,
1568,7,2,1,2,10,16,24,0,0,,
1569,7,2,1,3,24,16,10,1,0,,
1570,7,2,1,4,24,16,10,0,0,,
1571,7,2,1,5,10,16,24,1,0,,
1572,7,2,1,6,10,16,24,0,0,,
1573,7,2,2,1,10,16,24,0,0,,
1574,7,2,2,2,10,16,24,0,0,,
1575,7,2,2,3,10,16,24,0,0,,
1576,7,2,2,4,10,16,24,0,0,,
1577,7,2,2,5,10,16,24,0,0,,
1578,7,2,2,6,10,16,24,0,0,,
1579,7,2,3,1,24,16,10,1,0,,
1580,7,2,3,2,24,16,10,0,0,,
1581,7,2,3,3,24,16,10,0,0,,
1582,7,2,3,4,24,16,10,0,0,,
1583,7,2,3,5,24,16,10,4,0,,
1584,7,2,3,6,24,16,10,0,0,,
1585,7,2,4,1,10,16,24,1,0,,
1586,7,2,4,2,10,16,24,2,0,,
1587,7,2,4,3,24,16,10,3,1,,
1588,7,2,4,4,24,16,10,0,0,,
1589,7,2,4,5,24,16,10,0,0,,
1590,7,2,4,6,24,16,10,4,0,,
1591,7,2,5,1,24,16,10,0,0,,
1592,7,2,5,2,24,16,10,2,0,,
1593,7,2,5,3,24,16,10,0,0,,
1594,7,2,5,4,24,16,10,0,0,,
1595,7,2,5,5,10,16,24,1,0,,
1596,7,2,5,6,10,16,24,4,0,,
1597,7,2,6,1,24,19,10,1,0,,
1598,7,2,6,2,10,19,24,1,0,,
1599,7,2,6,3,10,19,24,0,0,,
1600,7,2,6,4,10,19,24,0,0,,
1601,7,2,6,5,10,19,24,6,0,,
1602,7,2,6,6,24,19,10,1,0,,
1603,7,2,7,1,24,19,10,2,0,,
1604,7,2,7,2,24,19,10,0,0,,
1605,7,2,7,3,24,19,10,0,0,,
1606,7,2,7,4,24,19,10,0,0,,
1607,7,2,7,5,10,19,24,1,0,,
1608,7,2,7,6,24,19,10,1,0,,
1609,7,2,8,1,24,19,10,0,0,,
1610,7,2,8,2,10,19,24,3,0,,
1611,7,2,8,3,10,19,24,0,0,,
1612,7,2,8,4,10,19,24,0,0,,
1613,7,2,8,5,10,19,24,0,0,,
1614,7,2,8,6,10,19,24,4,1,,
1615,7,2,9,1,10,19,24,4,2,,
1616,7,2,9,2,24,19,10,1,0,,
1617,7,2,9,3,24,19,10,4,0,,
1618,7,2,9,4,24,19,10,6,0,,
1619,7,2,9,5,24,19,10,6,0,,
1620,7,2,9,6,24,19,10,0,0,,
1621,7,2,10,1,10,19,24,1,0,,
1622,7,2,10,2,10,19,24,0,0,,
1623,7,2,10,3,10,19,24,0,0,,
1624,7,2,10,4,10,19,24,0,0,,
1625,7,2,10,5,44,19,24,4,0,hit wicket,10
1626,7,2,10,6,44,19,24,0,0,,
1627,7,2,11,1,44,19,24,6,0,,
1628,7,2,11,2,24,19,44,3,0,,
1629,7,2,11,3,44,19,24,1,1,,
1630,7,2,11,4,44,19,24,0,0,,
1631,7,2,11,5,44,19,24,0,0,,
1632,7,2,11,6,44,19,24,0,0,,
1633,7,2,12,1,44,32,24,2,0,,
1634,7,2,12,2,44,32,24,0,2,,
1635,7,2,12,3,24,32,44,1,0,,
1636,7,2,12,4,44,32,24,1,0,,
1637,7,2,12,5,44,32,24,6,2,,
1638,7,2,12,6,44,32,24,0,0,,
1639,7,2,13,1,44,32,24,0,0,,
1640,7,2,13,2,44,32,24,6,0,,
1641,7,2,13,3,24,32,44,3,0,,
1642,7,2,13,4,24,32,44,0,0,,
1643,7,2,13,5,24,32,44,0,0,,
1644,7,2,13,6,24,32,44,0,1,,
1645,7,2,14,1,24,32,44,0,0,,
1646,7,2,14,2,24,32,44,2,0,,
1647,7,2,14,3,24,32,44,0,0,,
1648,7,2,14,4,24,32,44,0,2,,
1649,7,2,14,5,44,32,24,1,0,,
1650,7,2,14,6,44,32,24,0,0,,
1651,7,2,15,1,44,32,24,0,0,,
1652,7,2,15,2,44,32,24,0,0,,
1653,7,2,15,3,24,32,44,1,0,,
1654,7,2,15,4,44,32,24,3,0,,
1655,7,2,15,5,44,32,24,0,0,,
1656,7,2,15,6,44,32,24,0,0,,
1657,7,2,16,1,44,32,24,4,0,,
1658,7,2,16,2,44,32,24,6,0,,
1659,7,2,16,3,44,32,24,0,0,,
1660,7,2,16,4,44,32,24,2,0,,
1661,7,2,16,5,44,32,24,2,0,,
1662,7,2,16,6,44,32,24,0,0,,
1663,7,2,17,1,44,32,24,2,0,,
1664,7,2,17,2,24,32,44,1,0,,
1665,7,2,17,3,24,32,44,4,0,,
1666,7,2,17,4,24,32,44,0,0,,
1667,7,2,17,5,44,32,24,1,0,,
1668,7,2,17,6,24,32,44,1,1,,
1669,7,2,18,1,24,16,44,4,0,,
1670,7,2,18,2,44,16,24,3,0,,
1671,7,2,18,3,44,16,24,0,0,,
1672,7,2,18,4,24,16,44,1,0,,
1673,7,2,18,5,44,16,24,1,2,,
1674,7,2,18,6,44,16,24,0,0,,
1675,7,2,19,1,44,16,24,0,0,,
1676,7,2,19,2,44,16,24,0,0,,
1677,7,2,19,3,44,16,24,0,0,,
1678,7,2,19,4,24,16,44,1,0,,
1679,7,2,19,5,44,16,24,1,0,,
1680,7,2,19,6,44,16,24,0,0,,
1681,8,1,0,1,49,21,17,0,0,,
1682,8,1,0,2,49,21,17,0,0,,
1683,8,1,0,3,49,21,17,4,0,,
1684,8,1,0,4,49,21,17,0,0,,
1685,8,1,0,5,49,21,17,0,0,,
1686,8,1,0,6,49,21,17,2,0,,
1687,8,1,1,1,17,21,49,1,0,,
1688,8,1,1,2,17,21,49,4,0,,
1689,8,1,1,3,17,21,49,4,0,,
1690,8,1,1,4,49,21,17,1,1,,
1691,8,1,1,5,49,21,17,0,1,,
1692,8,1,1,6,49,21,17,0,0,,
1693,8,1,2,1,30,21,17,2,0,hit wicket,49
1694,8,1,2,2,30,21,17,0,0,,
1695,8,1,2,3,30,21,17,0,0,,
1696,8,1,2,4,30,21,17,6,0,,
1697,8,1,2,5,30,21,17,4,0,,
1698,8,1,2,6,30,21,17,2,0,,
1699,8,1,3,1,17,21,30,1,1,,
1700,8,1,3,2,17,21,30,0,0,,
1701,8,1,3,3,30,21,17,1,0,,
1702,8,1,3,4,12,21,17,0,0,bowled,30
1703,8,1,3,5,12,21,17,0,0,,
1704,8,1,3,6,12,21,17,0,0,,
1705,8,1,4,1,47,21,17,0,2,bowled,12
1706,8,1,4,2,47,21,17,2,0,,
1707,8,1,4,3,17,21,47,3,0,,
1708,8,1,4,4,47,21,17,1,0,,
1709,8,1,4,5,17,21,30,1,1,caught,47
1710,8,1,4,6,30,21,17,1,0,,
1711,8,1,5,1,30,21,17,0,0,,
1712,8,1,5,2,30,21,17,0,0,,
1713,8,1,5,3,30,21,17,2,0,,
1714,8,1,5,4,17,21,30,1,0,,
1715,8,1,5,5,17,21,30,0,0,,
1716,8,1,5,6,30,21,17,3,0,,
1717,8,1,6,1,30,48,17,6,0,,
1718,8,1,6,2,17,48,30,1,0,,
1719,8,1,6,3,17,48,30,0,0,,
1720,8,1,6,4,17,48,30,0,0,,
1721,8,1,6,5,17,48,30,0,0,,
1722,8,1,6,6,17,48,30,0,0,,
1723,8,1,7,1,17,48,30,2,0,,
1724,8,1,7,2,17,48,30,0,0,,
1725,8,1,7,3,17,48,30,0,1,,
1726,8,1,7,4,30,48,17,1,0,,
1727,8,1,7,5,30,48,17,2,0,,
1728,8,1,7,6,30,48,17,0,0,,
1729,8,1,8,1,30,48,17,0,0,,
1730,8,1,8,2,17,48,30,1,0,,
1731,8,1,8,3,17,48,30,0,0,,
1732,8,1,8,4,17,48,30,0,0,,
1733,8,1,8,5,17,48,30,6,2,,
1734,8,1,8,6,17,48,30,4,2,,
1735,8,1,9,1,17,48,30,0,0,,
1736,8,1,9,2,17,48,30,0,0,,
1737,8,1,9,3,17,48,30,4,1,,
1738,8,1,9,4,17,48,30,0,1,,
1739,8,1,9,5,17,48,30,0,0,,
1740,8,1,9,6,30,48,17,1,0,,
1741,8,1,10,1,30,48,17,0,0,,
1742,8,1,10,2,30,48,17,0,0,,
1743,8,1,10,3,30,48,17,0,0,,
1744,8,1,10,4,17,48,30,1,0,,
1745,8,1,10,5,17,48,30,4,0,,
1746,8,1,10,6,17,48,30,0,0,,
1747,8,1,11,1,17,48,30,0,0,,
1748,8,1,11,2,30,48,17,1,0,,
1749,8,1,11,3,30,48,17,0,0,,
1750,8,1,11,4,30,48,17,0,0,,
1751,8,1,11,5,30,48,17,0,0,,
1752,8,1,11,6,30,48,17,0,0,,
1753,8,1,12,1,30,43,17,0,0,,
1754,8,1,12,2,30,43,17,0,0,,
1755,8,1,12,3,30,43,17,2,1,,
1756,8,1,12,4,17,43,30,1,0,,
1757,8,1,12,5,17,43,30,0,0,,
1758,8,1,12,6,17,43,30,0,0,,
1759,8,1,13,1,17,43,30,0,0,,
1760,8,1,13,2,17,43,30,0,0,,
1761,8,1,13,3,17,43,30,4,1,,
1762,8,1,13,4,5,43,30,4,0,run out,17
1763,8,1,13,5,5,43,30,0,0,,
1764,8,1,13,6,30,43,5,3,0,,
1765,8,1,14,1,47,43,5,0,0,hit wicket,30
1766,8,1,14,2,5,43,47,5,0,,
1767,8,1,14,3,47,43,5,1,0,,
1768,8,1,14,4,47,43,5,0,0,,
1769,8,1,14,5,47,43,5,2,0,,
1770,8,1,14,6,47,43,5,2,0,,
1771,8,1,15,1,47,43,5,2,0,,
1772,8,1,15,2,5,43,47,1,0,,
1773,8,1,15,3,8,43,47,4,0,run out,5
1774,8,1,15,4,47,43,8,1,0,,
1775,8,1,15,5,47,43,8,0,0,,
1776,8,1,15,6,47,43,8,0,1,,
1777,8,1,16,1,47,43,8,4,0,,
1778,8,1,16,2,37,43,8,0,0,lbw,47
1779,8,1,16,3,8,43,37,1,0,,
1780,8,1,16,4,8,43,37,2,0,,
1781,8,1,16,5,37,43,8,1,0,,
1782,8,1,16,6,37,43,8,2,0,,
1783,8,1,17,1,37,43,8,2,0,,
1784,8,1,17,2,37,43,8,4,0,,
1785,8,1,17,3,37,43,8,0,0,,
1786,8,1,17,4,37,43,8,0,0,,
1787,8,1,17,5,8,43,37,1,0,,
1788,8,1,17,6,8,43,37,0,0,,
1789,8,1,18,1,37,28,8,1,2,,
1790,8,1,18,2,37,28,8,4,0,,
1791,8,1,18,3,37,28,8,4,0,,
1792,8,1,18,4,37,28,8,0,0,,
1793,8,1,18,5,37,28,8,0,0,,
1794,8,1,18,6,8,28,37,1,0,,
1795,8,1,19,1,37,28,8,1,0,,
1796,8,1,19,2,37,28,8,0,0,,
1797,8,1,19,3,37,28,8,0,0,,
1798,8,1,19,4,8,28,37,5,0,,
1799,8,1,19,5,8,28,37,0,0,,
1800,8,1,19,6,37,28,8,1,0,,
1801,8,2,0,1,11,8,17,1,0,,
1802,8,2,0,2,11,8,17,2,0,,
1803,8,2,0,3,11,8,17,0,0,,
1804,8,2,0,4,11,8,17,0,1,,
1805,8,2,0,5,11,8,17,0,0,,
1806,8,2,0,6,11,8,17,0,0,,
1807,8,2,1,1,11,8,17,2,0,,
1808,8,2,1,2,11,8,17,6,0,,
1809,8,2,1,3,11,8,17,0,0,,
1810,8,2,1,4,17,8,11,1,2,,
1811,8,2,1,5,17,8,11,0,2,,
1812,8,2,1,6,17,8,11,0,0,,
1813,8,2,2,1,17,8,11,2,1,,
1814,8,2,2,2,17,8,11,0,2,,
1815,8,2,2,3,17,8,11,0,0,,
1816,8,2,2,4,17,8,11,4,1,,
1817,8,2,2,5,17,8,11,6,0,,
1818,8,2,2,6,17,8,11,2,1,,
1819,8,2,3,1,48,8,11,0,0,hit wicket,17
1820,8,2,3,2,48,8,11,0,0,,
1821,8,2,3,3,48,8,11,0,0,,
1822,8,2,3,4,11,8,48,1,0,,
1823,8,2,3,5,11,8,48,2,0,,
1824,8,2,3,6,11,8,48,0,0,,
1825,8,2,4,1,11,8,48,6,2,,
1826,8,2,4,2,11,8,48,0,0,,
1827,8,2,4,3,11,8,48,0,0,,
1828,8,2,4,4,11,8,48,2,0,,
1829,8,2,4,5,11,8,48,0,0,,
1830,8,2,4,6,11,8,48,0,0,,
1831,8,2,5,1,11,8,48,4,0,,
1832,8,2,5,2,11,8,48,0,0,,
1833,8,2,5,3,11,8,48,4,0,,
1834,8,2,5,4,11,8,48,4,0,,
1835,8,2,5,5,11,8,48,0,2,,
1836,8,2,5,6,11,8,48,0,1,,
1837,8,2,6,1,11,17,48,0,0,,
1838,8,2,6,2,11,17,48,0,0,,
1839,8,2,6,3,11,17,48,2,0,,
1840,8,2,6,4,11,17,48,0,0,,
1841,8,2,6,5,11,17,48,0,0,,
1842,8,2,6,6,11,17,48,2,0,,
1843,8,2,7,1,11,17,48,0,0,,
1844,8,2,7,2,48,17,11,1,0,,
1845,8,2,7,3,48,17,11,0,0,,
1846,8,2,7,4,11,17,48,1,0,,
1847,8,2,7,5,11,17,48,0,2,,
1848,8,2,7,6,11,17,48,0,0,,
1849,8,2,8,1,11,17,48,0,0,,
1850,8,2,8,2,11,17,48,4,0,,
1851,8,2,8,3,11,17,48,0,0,,
1852,8,2,8,4,11,17,48,0,0,,
1853,8,2,8,5,11,17,48,0,0,,
1854,8,2,8,6,48,17,5,1,1,lbw,11
1855,8,2,9,1,5,17,48,1,0,,
1856,8,2,9,2,48,17,5,1,0,,
1857,8,2,9,3,48,17,5,0,0,,
1858,8,2,9,4,48,17,5,4,0,,
1859,8,2,9,5,5,17,48,1,0,,
1860,8,2,9,6,5,17,48,0,0,,
1861,8,2,10,1,5,17,48,0,0,,
1862,8,2,10,2,5,17,48,4,0,,
1863,8,2,10,3,5,17,48,0,0,,
1864,8,2,10,4,48,17,5,1,0,,
1865,8,2,10,5,48,17,5,4,0,,
1866,8,2,10,6,5,17,48,3,0,,
1867,8,2,11,1,45,17,48,0,0,lbw,5
1868,8,2,11,2,48,17,45,1,0,,
1869,8,2,11,3,48,17,45,6,0,,
1870,8,2,11,4,48,17,45,0,0,,
1871,8,2,11,5,48,17,45,0,0,,
1872,8,2,11,6,45,17,48,1,0,,
1873,8,2,12,1,45,37,48,6,0,,
1874,8,2,12,2,45,37,48,0,0,,
1875,8,2,12,3,45,37,48,0,0,,
1876,8,2,12,4,45,37,48,0,0,,
1877,8,2,12,5,45,37,48,0,0,,
1878,8,2,12,6,45,37,48,2,0,,
1879,8,2,13,1,45,37,48,0,1,,
1880,8,2,13,2,45,37,48,0,0,,
1881,8,2,13,3,45,37,48,4,1,,
1882,8,2,13,4,45,37,48,0,0,,
1883,8,2,13,5,45,37,48,0,0,,
1884,8,2,13,6,48,37,45,1,0,,
1885,8,2,14,1,48,37,45,0,0,,
1886,8,2,14,2,45,37,48,1,2,,
1887,8,2,14,3,45,37,48,0,0,,
1888,8,2,14,4,45,37,48,0,0,,
1889,8,2,14,5,45,37,48,6,0,,
1890,8,2,14,6,45,37,48,0,0,,
1891,8,2,15,1,45,37,48,0,2,,
1892,8,2,15,2,45,37,48,0,0,,
1893,8,2,15,3,48,37,11,1,0,lbw,45
1894,8,2,15,4,48,37,11,0,0,,
1895,8,2,15,5,48,37,11,0,2,,
1896,8,2,15,6,11,37,48,1,0,,
1897,8,2,16,1,11,37,48,0,0,,
1898,8,2,16,2,11,37,48,0,0,,
1899,8,2,16,3,11,37,48,6,0,,
1900,8,2,16,4,11,37,48,0,0,,
1901,8,2,16,5,11,37,48,0,0,,
1902,8,2,16,6,11,37,48,0,1,,
1903,8,2,17,1,11,37,48,0,2,,
1904,8,2,17,2,48,37,11,1,2,,
1905,8,2,17,3,48,37,11,4,0,,
1906,8,2,17,4,48,37,11,2,0,,
1907,8,2,17,5,48,37,11,2,0,,
1908,8,2,17,6,48,37,11,0,0,,
1909,8,2,18,1,48,8,11,0,0,,
1910,8,2,18,2,48,8,11,0,0,,
1911,8,2,18,3,48,8,11,4,0,,
1912,8,2,18,4,21,8,11,4,0,caught,48
1913,8,2,18,5,11,8,21,1,0,,
1914,8,2,18,6,21,8,11,1,0,,
1915,8,2,19,1,21,8,11,0,0,,
1916,8,2,19,2,21,8,11,0,0,,
1917,8,2,19,3,11,8,21,1,0,,
1918,8,2,19,4,11,8,21,0,0,,
1919,8,2,19,5,11,8,21,4,0,,
1920,8,2,19,6,48,8,21,4,0,caught,11
1921,9,1,0,1,43,6,28,0,0,,
1922,9,1,0,2,43,6,28,0,0,,
1923,9,1,0,3,28,6,43,1,0,,
1924,9,1,0,4,28,6,43,0,0,,
1925,9,1,0,5,28,6,43,0,0,,
1926,9,1,0,6,43,6,28,1,0,,
1927,9,1,1,1,43,6,28,0,0,,
1928,9,1,1,2,43,6,28,0,0,,
1929,9,1,1,3,43,6,28,2,0,,
1930,9,1,1,4,43,6,28,0,2,,
1931,9,1,1,5,43,6,28,0,0,,
1932,9,1,1,6,43,6,28,0,0,,
1933,9,1,2,1,43,6,28,4,0,,
1934,9,1,2,2,28,6,43,1,0,,
1935,9,1,2,3,28,6,43,0,0,,
1936,9,1,2,4,41,6,43,0,0,lbw,28
1937,9,1,2,5,43,6,41,1,0,,
1938,9,1,2,6,43,6,41,0,0,,
1939,9,1,3,1,43,6,41,0,0,,
1940,9,1,3,2,43,6,41,0,0,,
1941,9,1,3,3,43,6,41,0,0,,
1942,9,1,3,4,43,6,41,0,0,,
1943,9,1,3,5,43,6,41,0,0,,
1944,9,1,3,6,41,6,43,3,0,,
1945,9,1,4,1,41,6,43,2,0,,
1946,9,1,4,2,41,6,43,0,0,,
1947,9,1,4,3,41,6,43,0,0,,
1948,9,1,4,4,41,6,43,4,0,,
1949,9,1,4,5,43,6,41,1,0,,
1950,9,1,4,6,43,6,41,0,0,,
1951,9,1,5,1,41,6,43,1,0,,
1952,9,1,5,2,41,6,43,0,0,,
1953,9,1,5,3,43,6,41,1,0,,
1954,9,1,5,4,43,6,41,0,0,,
1955,9,1,5,5,43,6,41,4,1,,
1956,9,1,5,6,43,6,41,2,0,,
1957,9,1,6,1,43,37,41,0,0,,
1958,9,1,6,2,43,37,41,0,0,,
1959,9,1,6,3,43,37,41,4,0,,
1960,9,1,6,4,43,37,41,0,0,,
1961,9,1,6,5,43,37,41,0,0,,
1962,9,1,6,6,43,37,41,0,0,,
1963,9,1,7,1,43,37,41,4,0,,
1964,9,1,7,2,28,37,41,0,0,caught,43
1965,9,1,7,3,28,37,41,0,0,,
1966,9,1,7,4,41,37,28,1,0,,
1967,9,1,7,5,41,37,28,6,0,,
1968,9,1,7,6,41,37,28,4,0,,
1969,9,1,8,1,41,37,28,0,1,,
1970,9,1,8,2,28,37,41,1,0,,
1971,9,1,8,3,28,37,41,4,0,,
1972,9,1,8,4,41,37,28,1,0,,
1973,9,1,8,5,28,37,41,1,0,,
1974,9,1,8,6,28,37,41,0,0,,
1975,9,1,9,1,41,37,28,1,0,,
1976,9,1,9,2,41,37,28,4,0,,
1977,9,1,9,3,41,37,28,2,1,,
1978,9,1,9,4,41,37,28,0,0,,
1979,9,1,9,5,41,37,28,0,0,,
1980,9,1,9,6,28,37,41,1,0,,
1981,9,1,10,1,41,37,28,1,0,,
1982,9,1,10,2,41,37,28,0,0,,
1983,9,1,10,3,41,37,28,0,0,,
1984,9,1,10,4,28,37,22,1,1,hit wicket,41
1985,9,1,10,5,22,37,28,1,0,,
1986,9,1,10,6,28,37,22,1,0,,
1987,9,1,11,1,28,37,22,0,0,,
1988,9,1,11,2,28,37,22,4,0,,
1989,9,1,11,3,28,37,22,4,0,,
1990,9,1,11,4,28,37,22,0,0,,
1991,9,1,11,5,28,37,22,0,0,,
1992,9,1,11,6,28,37,22,4,0,,
1993,9,1,12,1,28,2,22,2,0,,
1994,9,1,12,2,28,2,22,4,1,,
1995,9,1,12,3,28,2,22,0,0,,
1996,9,1,12,4,28,2,22,4,0,,
1997,9,1,12,5,22,2,28,1,0,,
1998,9,1,12,6,28,2,22,1,0,,
1999,9,1,13,1,28,2,22,0,0,,
2000,9,1,13,2,22,2,28,1,0,,
2001,9,1,13,3,22,2,28,0,0,,
2002,9,1,13,4,22,2,28,0,0,,
2003,9,1,13,5,22,2,28,0,1,,
2004,9,1,13,6,22,2,28,2,0,,
2005,9,1,14,1,22,2,28,2,0,,
2006,9,1,14,2,22,2,28,2,0,,
2007,9,1,14,3,22,2,28,4,0,,
2008,9,1,14,4,22,2,28,0,0,,
2009,9,1,14,5,22,2,28,4,0,,
2010,9,1,14,6,28,2,22,5,1,,
2011,9,1,15,1,22,2,28,1,1,,
2012,9,1,15,2,22,2,28,0,0,,
2013,9,1,15,3,22,2,28,0,0,,
2014,9,1,15,4,22,2,28,0,0,,
2015,9,1,15,5,22,2,28,0,0,,
2016,9,1,15,6,22,2,28,4,0,,
2017,9,1,16,1,22,2,28,0,0,,
2018,9,1,16,2,22,2,28,4,0,,
2019,9,1,16,3,22,2,28,0,0,,
2020,9,1,16,4,28,2,22,1,2,,
2021,9,1,16,5,22,2,28,1,0,,
2022,9,1,16,6,22,2,28,0,0,,
2023,9,1,17,1,28,2,22,1,1,,
2024,9,1,17,2,22,2,41,1,0,caught,28
2025,9,1,17,3,22,2,41,6,0,,
2026,9,1,17,4,22,2,41,0,0,,
2027,9,1,17,5,22,2,41,0,0,,
2028,9,1,17,6,22,2,41,4,0,,
2029,9,1,18,1,41,35,22,1,0,,
2030,9,1,18,2,41,35,22,2,0,,
2031,9,1,18,3,22,35,41,1,0,,
2032,9,1,18,4,22,35,41,0,1,,
2033,9,1,18,5,41,35,22,1,0,,
2034,9,1,18,6,41,35,22,4,0,,
2035,9,1,19,1,41,35,22,0,0,,
2036,9,1,19,2,41,35,22,0,0,,
2037,9,1,19,3,41,35,22,4,0,,
2038,9,1,19,4,41,35,22,4,0,,
2039,9,1,19,5,22,35,41,1,0,,
2040,9,1,19,6,22,35,41,0,0,,
2041,9,2,0,1,33,24,46,1,1,,
2042,9,2,0,2,33,24,46,0,0,,
2043,9,2,0,3,33,24,46,0,0,,
2044,9,2,0,4,33,24,46,0,0,,
2045,9,2,0,5,33,24,46,0,0,,
2046,9,2,0,6,46,24,33,1,0,,
2047,9,2,1,1,46,24,33,2,0,,
2048,9,2,1,2,46,24,33,0,0,,
2049,9,2,1,3,46,24,33,2,0,,
2050,9,2,1,4,33,24,46,1,0,,
2051,9,2,1,5,33,24,46,0,0,,
2052,9,2,1,6,33,24,46,4,0,,
2053,9,2,2,1,33,24,46,0,0,,
2054,9,2,2,2,33,24,46,6,0,,
2055,9,2,2,3,33,24,46,4,0,,
2056,9,2,2,4,33,24,46,0,0,,
2057,9,2,2,5,33,24,46,0,0,,
2058,9,2,2,6,46,24,8,1,0,stumped,33
2059,9,2,3,1,46,24,8,0,0,,
2060,9,2,3,2,46,24,8,6,0,,
2061,9,2,3,3,46,24,8,0,0,,
2062,9,2,3,4,46,24,8,0,0,,
2063,9,2,3,5,46,24,8,0,0,,
2064,9,2,3,6,46,24,8,6,0,,
2065,9,2,4,1,46,24,8,4,0,,
2066,9,2,4,2,46,24,8,0,0,,
2067,9,2,4,3,46,24,8,0,0,,
2068,9,2,4,4,8,24,46,3,0,,
2069,9,2,4,5,8,24,46,0,0,,
2070,9,2,4,6,8,24,46,0,0,,
2071,9,2,5,1,8,24,46,0,0,,
2072,9,2,5,2,8,24,46,2,0,,
2073,9,2,5,3,9,24,46,0,0,lbw,8
2074,9,2,5,4,46,24,9,1,0,,
2075,9,2,5,5,46,24,9,4,0,,
2076,9,2,5,6,46,24,9,0,0,,
2077,9,2,6,1,9,50,46,3,0,,
2078,9,2,6,2,9,50,46,4,0,,
2079,9,2,6,3,9,50,46,0,0,,
2080,9,2,6,4,9,50,46,0,0,,
2081,9,2,6,5,9,50,46,0,0,,
2082,9,2,6,6,9,50,46,0,0,,
2083,9,2,7,1,9,50,46,0,0,,
2084,9,2,7,2,9,50,46,0,0,,
2085,9,2,7,3,9,50,46,0,0,,
2086,9,2,7,4,46,50,9,1,0,,
2087,9,2,7,5,9,50,46,1,0,,
2088,9,2,7,6,9,50,46,4,0,,
2089,9,2,8,1,9,50,46,2,0,,
2090,9,2,8,2,1,50,46,0,0,bowled,9
2091,9,2,8,3,1,50,46,0,0,,
2092,9,2,8,4,1,50,46,4,1,,
2093,9,2,8,5,1,50,46,0,0,,
2094,9,2,8,6,1,50,46,0,0,,
2095,9,2,9,1,1,50,46,0,0,,
2096,9,2,9,2,37,50,46,0,0,caught,1
2097,9,2,9,3,37,50,46,0,0,,
2098,9,2,9,4,37,50,46,0,0,,
2099,9,2,9,5,46,50,37,1,0,,
2100,9,2,9,6,46,50,37,0,0,,
2101,9,2,10,1,46,50,37,4,0,,
2102,9,2,10,2,46,50,37,0,0,,
2103,9,2,10,3,46,50,37,0,0,,
2104,9,2,10,4,46,50,37,0,0,,
2105,9,2,10,5,46,50,37,4,0,,
2106,9,2,10,6,46,50,37,0,0,,
2107,9,2,11,1,46,50,37,6,0,,
2108,9,2,11,2,46,50,37,0,0,,
2109,9,2,11,3,46,50,37,4,0,,
2110,9,2,11,4,46,50,37,0,0,,
2111,9,2,11,5,37,50,46,1,0,,
2112,9,2,11,6,37,50,46,4,0,,
2113,9,2,12,1,46,24,37,1,0,,
2114,9,2,12,2,46,24,37,0,0,,
2115,9,2,12,3,46,24,37,0,0,,
2116,9,2,12,4,46,24,37,0,0,,
2117,9,2,12,5,37,24,46,1,0,,
2118,9,2,12,6,37,24,46,2,1,,
2119,9,2,13,1,46,24,37,1,0,,
2120,9,2,13,2,37,24,46,3,0,,
2121,9,2,13,3,37,24,46,0,0,,
2122,9,2,13,4,37,24,46,0,0,,
2123,9,2,13,5,37,24,46,0,0,,
2124,9,2,13,6,6,24,46,0,0,bowled,37
2125,9,2,14,1,6,24,46,4,0,,
2126,9,2,14,2,7,24,46,4,0,bowled,6
2127,9,2,14,3,7,24,46,0,0,,
2128,9,2,14,4,7,24,46,0,0,,
2129,9,2,14,5,7,24,46,0,0,,
2130,9,2,14,6,7,24,46,0,0,,
2131,9,2,15,1,7,24,46,0,0,,
2132,9,2,15,2,7,24,46,4,0,,
2133,9,2,15,3,7,24,46,4,0,,
2134,9,2,15,4,46,24,7,1,0,,
2135,9,2,15,5,46,24,7,4,0,,
2136,9,2,15,6,7,24,46,1,0,,
2137,9,2,16,1,7,24,46,0,0,,
2138,9,2,16,2,7,24,46,0,0,,
2139,9,2,16,3,46,24,7,1,0,,
2140,9,2,16,4,46,24,7,4,0,,
2141,9,2,16,5,46,24,7,2,0,,
2142,9,2,16,6,46,24,7,0,0,,
2143,9,2,17,1,46,24,7,0,0,,
2144,9,2,17,2,7,24,46,1,0,,
2145,9,2,17,3,7,24,46,0,0,,
2146,9,2,17,4,7,24,46,0,0,,
2147,9,2,17,5,7,24,46,4,0,,
2148,9,2,17,6,7,24,46,0,0,,
2149,9,2,18,1,7,41,46,0,0,,
2150,9,2,18,2,7,41,46,6,0,,
2151,9,2,18,3,7,41,46,2,0,,
2152,9,2,18,4,7,41,46,4,0,,
2153,9,2,18,5,7,41,46,2,0,,
2154,9,2,18,6,7,41,46,0,0,,
2155,9,2,19,1,46,41,7,1,0,,
2156,9,2,19,2,46,41,7,4,0,,
2157,9,2,19,3,46,41,7,0,1,,
2158,9,2,19,4,46,41,7,0,0,,
2159,9,2,19,5,46,41,7,2,0,,
2160,9,2,19,6,46,41,7,4,0,,
2161,10,1,0,1,14,22,16,0,0,,
2162,10,1,0,2,14,22,16,2,0,,
2163,10,1,0,3,14,22,16,0,0,,
2164,10,1,0,4,14,22,16,0,0,,
2165,10,1,0,5,14,22,16,0,0,,
2166,10,1,0,6,14,22,16,0,0,,
2167,10,1,1,1,14,22,16,6,0,,
2168,10,1,1,2,14,22,16,0,0,,
2169,10,1,1,3,14,22,16,0,0,,
2170,10,1,1,4,14,22,16,0,0,,
2171,10,1,1,5,14,22,16,6,0,,
2172,10,1,1,6,16,22,14,1,0,,
2173,10,1,2,1,14,22,16,1,0,,
2174,10,1,2,2,14,22,16,0,0,,
2175,10,1,2,3,16,22,14,1,0,,
2176,10,1,2,4,16,22,14,0,0,,
2177,10,1,2,5,16,22,14,4,0,,
2178,10,1,2,6,16,22,14,2,0,,
2179,10,1,3,1,16,22,14,0,0,,
2180,10,1,3,2,16,22,14,0,0,,
2181,10,1,3,3,14,22,16,1,0,,
2182,10,1,3,4,14,22,16,0,0,,
2183,10,1,3,5,14,22,16,0,1,,
2184,10,1,3,6,14,22,16,6,0,,
2185,10,1,4,1,14,22,16,0,0,,
2186,10,1,4,2,16,22,14,1,0,,
2187,10,1,4,3,16,22,14,0,0,,
2188,10,1,4,4,16,22,14,4,0,,
2189,10,1,4,5,14,22,16,1,0,,
2190,10,1,4,6,16,22,14,1,0,,
2191,10,1,5,1,16,22,14,0,2,,
2192,10,1,5,2,16,22,14,0,0,,
2193,10,1,5,3,14,22,16,1,0,,
2194,10,1,5,4,14,22,16,4,0,,
2195,10,1,5,5,14,22,16,0,0,,
2196,10,1,5,6,14,22,16,4,0,,
2197,10,1,6,1,16,41,14,1,1,,
2198,10,1,6,2,16,41,14,4,0,,
2199,10,1,6,3,16,41,14,0,0,,
2200,10,1,6,4,14,41,16,1,0,,
2201,10,1,6,5,14,41,16,0,0,,
2202,10,1,6,6,14,41,16,0,1,,
2203,10,1,7,1,14,41,16,0,0,,
2204,10,1,7,2,14,41,16,0,0,,
2205,10,1,7,3,14,41,16,0,0,,
2206,10,1,7,4,14,41,16,0,0,,
2207,10,1,7,5,14,41,16,0,1,,
2208,10,1,7,6,14,41,16,2,1,,
2209,10,1,8,1,30,41,16,2,0,hit wicket,14
2210,10,1,8,2,30,41,16,0,0,,
2211,10,1,8,3,30,41,16,0,0,,
2212,10,1,8,4,30,41,16,0,0,,
2213,10,1,8,5,30,41,16,0,0,,
2214,10,1,8,6,30,41,16,0,0,,
2215,10,1,9,1,30,41,16,4,0,,
2216,10,1,9,2,30,41,16,0,0,,
2217,10,1,9,3,30,41,16,0,0,,
2218,10,1,9,4,30,41,16,0,0,,
2219,10,1,9,5,16,41,15,1,0,bowled,30
2220,10,1,9,6,16,41,15,0,0,,
2221,10,1,10,1,16,41,15,0,0,,
2222,10,1,10,2,16,41,15,0,0,,
2223,10,1,10,3,15,41,16,1,0,,
2224,10,1,10,4,15,41,16,0,0,,
2225,10,1,10,5,15,41,16,0,0,,
2226,10,1,10,6,15,41,16,0,0,,
2227,10,1,11,1,15,41,16,0,1,,
2228,10,1,11,2,15,41,16,0,0,,
2229,10,1,11,3,15,41,16,0,0,,
2230,10,1,11,4,16,41,15,1,0,,
2231,10,1,11,5,16,41,15,0,2,,
2232,10,1,11,6,15,41,16,1,0,,
2233,10,1,12,1,15,43,16,0,0,,
2234,10,1,12,2,17,43,16,0,2,run out,15
2235,10,1,12,3,16,43,17,1,0,,
2236,10,1,12,4,16,43,17,0,0,,
2237,10,1,12,5,16,43,17,0,0,,
2238,10,1,12,6,17,43,16,1,0,,
2239,10,1,13,1,17,43,16,0,0,,
2240,10,1,13,2,17,43,16,0,0,,
2241,10,1,13,3,17,43,16,6,0,,
2242,10,1,13,4,17,43,16,0,0,,
2243,10,1,13,5,17,43,16,0,0,,
2244,10,1,13,6,17,43,16,0,0,,
2245,10,1,14,1,17,43,16,0,0,,
2246,10,1,14,2,17,43,16,0,0,,
2247,10,1,14,3,16,43,17,1,0,,
2248,10,1,14,4,17,43,16,1,0,,
2249,10,1,14,5,17,43,16,2,0,,
2250,10,1,14,6,17,43,16,0,0,,
2251,10,1,15,1,16,43,17,1,0,,
2252,10,1,15,2,16,43,17,4,0,,
2253,10,1,15,3,18,43,17,2,0,run out,16
2254,10,1,15,4,18,43,17,4,0,,
2255,10,1,15,5,18,43,17,0,0,,
2256,10,1,15,6,18,43,17,0,0,,
2257,10,1,16,1,18,43,17,0,0,,
2258,10,1,16,2,18,43,17,0,0,,
2259,10,1,16,3,18,43,17,4,0,,
2260,10,1,16,4,18,43,17,0,0,,
2261,10,1,16,5,18,43,17,4,0,,
2262,10,1,16,6,17,43,18,1,0,,
2263,10,1,17,1,18,43,17,1,0,,
2264,10,1,17,2,18,43,17,0,0,,
2265,10,1,17,3,17,43,18,1,0,,
2266,10,1,17,4,17,43,18,2,0,,
2267,10,1,17,5,17,43,18,6,0,,
2268,10,1,17,6,17,43,18,0,0,,
2269,10,1,18,1,17,22,18,4,0,,
2270,10,1,18,2,17,22,18,4,0,,
2271,10,1,18,3,17,22,18,0,0,,
2272,10,1,18,4,14,22,18,0,0,hit wicket,17
2273,10,1,18,5,14,22,18,0,1,,
2274,10,1,18,6,14,22,18,0,0,,
2275,10,1,19,1,14,22,18,4,0,,
2276,10,1,19,2,14,22,18,0,0,,
2277,10,1,19,3,14,22,18,4,0,,
2278,10,1,19,4,11,22,18,0,0,run out,14
2279,10,1,19,5,18,22,11,1,0,,
2280,10,1,19,6,18,22,11,0,0,,
2281,10,2,0,1,28,42,22,0,0,,
2282,10,2,0,2,28,42,22,2,0,,
2283,10,2,0,3,22,42,28,1,0,,
2284,10,2,0,4,22,42,28,0,0,,
2285,10,2,0,5,22,42,28,4,0,,
2286,10,2,0,6,22,42,28,4,0,,
2287,10,2,1,1,28,42,22,1,0,,
2288,10,2,1,2,22,42,28,1,0,,
2289,10,2,1,3,22,42,28,0,0,,
2290,10,2,1,4,28,42,43,1,0,run out,22
2291,10,2,1,5,28,42,43,2,0,,
2292,10,2,1,6,28,42,43,0,1,,
2293,10,2,2,1,28,42,43,0,0,,
2294,10,2,2,2,28,42,43,0,0,,
2295,10,2,2,3,28,42,43,2,0,,
2296,10,2,2,4,43,42,28,1,0,,
2297,10,2,2,5,43,42,28,2,0,,
2298,10,2,2,6,28,42,43,3,0,,
2299,10,2,3,1,28,42,43,0,1,,
2300,10,2,3,2,28,42,43,0,0,,
2301,10,2,3,3,28,42,43,0,0,,
2302,10,2,3,4,28,42,43,0,0,,
2303,10,2,3,5,43,42,28,1,0,,
2304,10,2,3,6,43,42,28,4,0,,
2305,10,2,4,1,43,42,28,0,0,,
2306,10,2,4,2,43,42,28,2,0,,
2307,10,2,4,3,28,42,43,1,2,,
2308,10,2,4,4,28,42,43,0,0,,
2309,10,2,4,5,43,42,28,1,0,,
2310,10,2,4,6,22,42,28,0,0,caught,43
2311,10,2,5,1,28,42,22,1,0,,
2312,10,2,5,2,28,42,22,0,0,,
2313,10,2,5,3,28,42,22,4,0,,
2314,10,2,5,4,24,42,22,0,0,bowled,28
2315,10,2,5,5,24,42,22,0,0,,
2316,10,2,5,6,24,42,22,0,0,,
2317,10,2,6,1,24,16,22,0,2,,
2318,10,2,6,2,24,16,22,0,0,,
2319,10,2,6,3,24,16,22,0,0,,
2320,10,2,6,4,24,16,22,0,0,,
2321,10,2,6,5,24,16,22,0,0,,
2322,10,2,6,6,24,16,22,2,0,,
2323,10,2,7,1,24,16,22,0,0,,
2324,10,2,7,2,22,16,24,1,1,,
2325,10,2,7,3,22,16,24,6,0,,
2326,10,2,7,4,22,16,24,0,0,,
2327,10,2,7,5,22,16,24,2,0,,
2328,10,2,7,6,22,16,24,0,0,,
2329,10,2,8,1,22,16,24,0,0,,
2330,10,2,8,2,22,16,24,0,0,,
2331,10,2,8,3,22,16,24,0,0,,
2332,10,2,8,4,22,16,24,4,0,,
2333,10,2,8,5,22,16,24,4,0,,
2334,10,2,8,6,22,16,24,0,0,,
2335,10,2,9,1,22,16,24,0,0,,
2336,10,2,9,2,22,16,24,0,0,,
2337,10,2,9,3,22,16,24,0,0,,
2338,10,2,9,4,22,16,24,2,0,,
2339,10,2,9,5,22,16,24,0,1,,
2340,10,2,9,6,22,16,24,0,0,,
2341,10,2,10,1,22,16,24,4,0,,
2342,10,2,10,2,22,16,24,4,0,,
2343,10,2,10,3,22,16,24,0,0,,
2344,10,2,10,4,22,16,24,0,0,,
2345,10,2,10,5,24,16,22,1,0,,
2346,10,2,10,6,24,16,22,0,0,,
2347,10,2,11,1,22,16,24,3,0,,
2348,10,2,11,2,22,16,24,0,0,,
2349,10,2,11,3,22,16,24,0,0,,
2350,10,2,11,4,22,16,24,0,0,,
2351,10,2,11,5,22,16,24,4,0,,
2352,10,2,11,6,22,16,24,0,0,,
2353,10,2,12,1,22,34,24,0,0,,
2354,10,2,12,2,22,34,24,4,0,,
2355,10,2,12,3,22,34,24,0,0,,
2356,10,2,12,4,24,34,22,1,0,,
2357,10,2,12,5,24,34,22,0,0,,
2358,10,2,12,6,24,34,22,4,0,,
2359,10,2,13,1,24,34,22,0,0,,
2360,10,2,13,2,22,34,24,5,0,,
2361,10,2,13,3,22,34,24,2,0,,
2362,10,2,13,4,24,34,22,1,0,,
2363,10,2,13,5,24,34,22,4,0,,
2364,10,2,13,6,24,34,22,4,0,,
2365,10,2,14,1,24,34,22,0,0,,
2366,10,2,14,2,24,34,22,0,0,,
2367,10,2,14,3,24,34,22,0,0,,
2368,10,2,14,4,22,34,24,1,0,,
2369,10,2,14,5,22,34,24,0,0,,
2370,10,2,14,6,24,34,22,1,0,,
2371,10,2,15,1,22,34,24,1,0,,
2372,10,2,15,2,22,34,24,6,2,,
2373,10,2,15,3,24,34,22,3,1,,
2374,10,2,15,4,24,34,22,0,0,,
2375,10,2,15,5,24,34,22,0,0,,
2376,10,2,15,6,24,34,22,0,1,,
2377,10,2,16,1,24,34,22,0,0,,
2378,10,2,16,2,24,34,22,0,0,,
2379,10,2,16,3,24,34,22,0,0,,
2380,10,2,16,4,24,34,22,0,0,,
2381,10,2,16,5,24,34,22,0,0,,
2382,10,2,16,6,24,34,22,0,0,,
2383,10,2,17,1,24,34,22,0,2,,
2384,10,2,17,2,24,34,22,0,0,,
2385,10,2,17,3,24,34,22,4,0,,
2386,10,2,17,4,24,34,22,0,0,,
2387,10,2,17,5,24,34,22,0,0,,
2388,10,2,17,6,24,34,22,0,0,,
2389,10,2,18,1,24,18,22,0,2,,
2390,10,2,18,2,22,18,24,1,0,,
2391,10,2,18,3,24,18,22,1,0,,
2392,10,2,18,4,24,18,22,0,0,,
2393,10,2,18,5,24,18,22,4,0,,
2394,10,2,18,6,24,18,22,2,0,,
2395,10,2,19,1,24,18,22,4,0,,
2396,10,2,19,2,22,18,24,1,0,,
2397,10,2,19,3,24,18,22,1,0,,
2398,10,2,19,4,22,18,24,1,0,,
2399,10,2,19,5,22,18,24,0,0,,
2400,10,2,19,6,24,18,22,1,0,,
